id,parentid,level,name
18,,1,KENYA
23521,18,2,WEST POKOT
23402,18,2,WAJIR
23532,18,2,VIHIGA
23520,18,2,UASIN GISHU
23522,18,2,TURKANA
23519,18,2,TRANS-NZOIA
23506,18,2,THARAKA-NITHI
23392,18,2,TANA RIVER
23391,18,2,TAITA TAVETA
23411,18,2,SIAYA
23517,18,2,SAMBURU
23382,18,2,NYERI
23383,18,2,NYANDARUA
23410,18,2,NYAMIRA
23518,18,2,NAROK
23516,18,2,NANDI
23509,18,2,NAKURU
23393,18,2,Nairobi
23384,18,2,MURANG'A
23390,18,2,MOMBASA
23409,18,2,MIGORI
23502,18,2,MERU
23505,18,2,MARSABIT
23403,18,2,MANDERA
23507,18,2,MAKUENI
23504,18,2,MACHAKOS
23389,18,2,LAMU
23513,18,2,LAIKIPIA
23388,18,2,KWALE
23503,18,2,KITUI
23408,18,2,KISUMU
23407,18,2,KISII
23385,18,2,KIRINYAGA
23387,18,2,KILIFI
23386,18,2,KIAMBU
23515,18,2,KERICHO
23531,18,2,KAKAMEGA
23511,18,2,KAJIADO
23508,18,2,ISIOLO
23406,18,2,HOMA BAY
23401,18,2,GARISSA
23501,18,2,EMBU
23512,18,2,ELGEYO-MARAKWET
23530,18,2,BUSIA
23533,18,2,BUNGOMA
23510,18,2,BOMET
23514,18,2,BARINGO
175,23504,3,Yatta
45833,23391,3,Wundanyi
174,23521,3,West Pokot
23397,23393,3,Westlands
10347918,23533,3,Webuye West
32,23533,3,Webuye East
172,23402,3,Wajir West
171,23402,3,Wajir South
170,23402,3,Wajir North
169,23402,3,Wajir East
153,23391,3,Voi
168,23532,3,Vihiga
97310,23409,3,Uriri
274790,23411,3,Ugunja
45418,23411,3,Ugenya
63430,23522,3,Turkana West
167,23522,3,Turkana South
166,23522,3,Turkana North
64982,23522,3,Turkana East
165,23522,3,Turkana Central
2891589,23520,3,Turbo
162,23518,3,Transmara West
64601,23518,3,Transmara East
33,23533,3,Tongaren
161,23516,3,Tinderet
72172,23502,3,Tigania West
72170,23502,3,Tigania East
69867053,23514,3,Tiaty East
159,23386,3,Thika Town
198074,23506,3,Tharaka South
158,23506,3,Tharaka North
167961,23382,3,Tetu
157,23530,3,Teso South
23527,23530,3,Teso North
156,23391,3,Taveta
274788,23402,3,Tarbaj
1741073,23409,3,Suna West
1741070,23409,3,Suna East
61240,23509,3,Subukia
152,23406,3,Suba South
23396,23393,3,Starehe
43,23520,3,Soy
51,23407,3,South Mugirango
151,23510,3,Sotik
35,23533,3,Sirisia
10997000,23515,3,Sigowet/Soin
62,23531,3,Shinyalu
80,23408,3,Seme
149,23530,3,Samia
148,23517,3,Samburu North
147,23517,3,Samburu East
146,23517,3,Samburu Central
105,23505,3,Saku
3976864,23519,3,Saboti
23525,23532,3,Sabatia
5206202,23501,3,Runyenjes
63759,23386,3,Ruiru
6458824,23393,3,Ruaraka
6458808,23393,3,Roysambu
145,23409,3,Rongo
61109,23509,3,Rongai
144,23411,3,Rarieda
2302339,23406,3,Rangwe
143,23406,3,Rachuonyo South
45819,23387,3,Rabai
62951,23521,3,Pokot South
142,23521,3,Pokot North
141,23521,3,Pokot Central
79767,23383,3,Olkalou
79766,23383,3,Oljoroorok
139,23382,3,Nyeri South
167960,23382,3,Nyeri Central
23404,23409,3,Nyatike
55213,23407,3,Nyaribari Masaba
1741129,23407,3,Nyaribari Chache
137,23408,3,Nyando
54468,23410,3,Nyamira North
134,23410,3,Nyamira
3557454,23390,3,Nyali
53971,23408,3,Nyakach
71631,23505,3,North Horr
62876,23509,3,Njoro
23405,23406,3,Ndhiwa
135,23383,3,Ndaragwa
301666,23531,3,Navakholo
8486261,23518,3,Narok West
133,23518,3,Narok South
132,23518,3,Narok North
8486260,23518,3,Narok East
129,23516,3,Nandi Hills
52016,23530,3,Nambale
5550020,23509,3,Nakuru West
127,23509,3,Nakuru North
126,23509,3,Nakuru East
125,23509,3,Naivasha
23499,23503,3,Mwingi West
87,23503,3,Mwingi North
121,23503,3,Mwingi Central
96,23506,3,Mwimbi
45834,23391,3,Mwatate
120,23504,3,Mwala
46109,23390,3,Mvita
26407661,23506,3,Muthambi
118,23384,3,Muranga South
2520772,23531,3,Mumias West
116,23531,3,Mumias East
167962,23382,3,Mukurweini
113830,23408,3,Muhoroni
115,23533,3,Mt Elgon
114,23388,3,Msambweni
113,23505,3,Moyale
130,23516,3,Mosop
111,23509,3,Molo
42,23520,3,Moiben
58549,23514,3,Mogotio
206500,23508,3,Merti
500865,23507,3,Mbooni
54482,23406,3,Mbita
67202,23501,3,Mbeere South
107,23501,3,Mbeere North
70051,23504,3,Matungulu
23529,23531,3,Matungu
85,23388,3,Matuga
274705,23382,3,Mathira West
274709,23382,3,Mathira East
66433,23384,3,Mathioya
6458860,23393,3,Mathare
38,23530,3,Matayos
70009,23504,3,Masinga
106,23410,3,Masaba North
58409,23514,3,Marigat
104,23512,3,Marakwet West
58550,23512,3,Marakwet East
5206201,23501,3,Manyatta
103,23410,3,Manga
102,23403,3,Mandera West
100,23403,3,Mandera South
23400,23403,3,Mandera North
101,23403,3,Mandera East
99,23387,3,Malindi
63,23531,3,Malava
98,23507,3,Makueni
23399,23393,3,Makadara
46121,23387,3,Magarini
97,23504,3,Machakos
61,23531,3,Lurambi
3573993,23388,3,Lunga Lunga
95,23531,3,Lugari
3029771,23532,3,Luanda
94,23511,3,Loitokitok
63132,23522,3,Loima
70,23386,3,Limuru
51969,23531,3,Likuyani
45821,23390,3,Likoni
99209,23386,3,Lari
124,23393,3,Langata
93,23389,3,Lamu West
45820,23389,3,Lamu East
92,23505,3,Laisamis
91,23513,3,Laikipia West
90,23513,3,Laikipia North
89,23513,3,Laikipia East
88,23401,3,Lagdera
274785,23403,3,Lafey
86,23519,3,Kwanza
13616269,23403,3,Kutulo
84,23409,3,Kuria West
83,23409,3,Kuria East
5550018,23509,3,Kuresoi South
63433,23509,3,Kuresoi North
63143,23510,3,Konoin
82,23514,3,Koibatek
1741135,23407,3,Kitutu Chache South
54297,23407,3,Kitutu Chache North
70098,23503,3,Kitui West
119,23503,3,Kitui South
70091,23503,3,Kitui Rural
70087,23503,3,Kitui East
81,23503,3,Kitui Central
406263,23408,3,Kisumu West
79,23408,3,Kisumu East
52345915,23408,3,Kisumu Central
112,23390,3,Kisauni
76,23385,3,Kirinyaga West
66432,23385,3,Kirinyaga South
66431,23385,3,Kirinyaga North/Mwea West
66430,23385,3,Kirinyaga East
66094,23385,3,Kirinyaga Central
75,23515,3,Kipkelion West
63109,23515,3,Kipkelion East
274688,23383,3,Kipipiri
274686,23383,3,Kinangop
74,23388,3,Kinango
164,23519,3,Kiminini
52060,23533,3,Kimilili
500879,23507,3,Kilome
3573906,23387,3,Kilifi South
3573903,23387,3,Kilifi North
274645,23386,3,Kikuyu
117,23384,3,Kiharu
79039,23384,3,Kigumo
138,23382,3,Kieni West
274715,23382,3,Kieni East
500873,23507,3,Kibwezi West
500872,23507,3,Kibwezi East
6458775,23393,3,Kibra
1210148,23522,3,Kibish
69,23386,3,Kiambu Town
1480068,23386,3,Kiambaa
51978,23531,3,Khwisero
2891590,23520,3,Kesses
69331,23512,3,Keiyo South
67,23512,3,Keiyo North
23498,23504,3,Kathiani
23398,23393,3,Kasarani
54144,23406,3,Karachuonyo
173,23520,3,Kapseret
66,23504,3,Kangundo
66435,23384,3,Kangema
34,23533,3,Kanduyi
79041,23384,3,Kandara
123,23393,3,Kamukunji
65,23387,3,Kaloleni
68680407,23504,3,Kalama
2839512,23511,3,Kajiado West
60,23511,3,Kajiado North
274809,23511,3,Kajiado East
62848,23511,3,Kajiado Central
500881,23507,3,Kaiti
52028,23533,3,Kabuchai
2821613,23406,3,Kabondo Kasipul
1480070,23386,3,Kabete
78938,23386,3,Juja
3555921,23390,3,Jomvu
59,23508,3,Isiolo
58,23502,3,Imenti South
57,23502,3,Imenti North
56,23502,3,Imenti Central
64,23531,3,Ikolomani
55,23401,3,Ijara
54,23502,3,Igembe South
71633,23502,3,Igembe North
3129987,23502,3,Igembe Central
13614693,23506,3,Igambangombe
274781,23401,3,Hulugho
53,23406,3,Homa Bay Town
52,23532,3,Hamisi
249509,23386,3,Githunguri
61230,23509,3,Gilgil
45417,23411,3,Gem
49,23386,3,Gatundu South
274247,23386,3,Gatundu North
78939,23384,3,Gatanga
154,23392,3,Garsen
48,23401,3,Garissa
47,23508,3,Garbatulla
45818,23387,3,Ganze
155,23392,3,Galole
46,23401,3,Fafi
3946209,23519,3,Endebess
45,23532,3,Emuhaya
128,23516,3,Emgwen
6459121,23393,3,Embakasi West
6458924,23393,3,Embakasi South
6458975,23393,3,Embakasi North
6459069,23393,3,Embakasi East
6458994,23393,3,Embakasi Central
274787,23402,3,Eldas
41,23514,3,East Pokot
6458693,23393,3,Dagoretti South
6458667,23393,3,Dagoretti North
274777,23401,3,Dadaab
109,23506,3,Chuka
3050816,23516,3,Chesumei
163,23519,3,Cherangany
52061,23533,3,Cheptais
63144,23510,3,Chepalungu
73,23390,3,Changamwe
71563,23502,3,Buuri
23528,23530,3,Butula
39,23531,3,Butere
37,23515,3,Bureti
45832,23392,3,Bura
36,23530,3,Bunyala
51968,23533,3,Bumula
31,23410,3,Borabu
30,23411,3,Bondo
78,23407,3,Bonchari
2435836,23510,3,Bomet East
29,23510,3,Bomet Central
50,23407,3,Bomachoge Chache
54387,23407,3,Bomachoge Borabu
54405,23407,3,Bobasi
62950,23515,3,Belgut
28,23514,3,Baringo North
27,23514,3,Baringo Central
274784,23403,3,Banissa
223918,23401,3,Balambala
274789,23409,3,Awendo
23497,23504,3,Athi River
150,23411,3,Alego Usonga
131,23516,3,Aldai
68,23515,3,Ainamoi
2891591,23520,3,Ainabkoi
13617129,70087,4,Zombe/Mwitika (Kitui East)
13907370,43,4,Ziwa (Soy)
51036098,23396,4,Ziwani/Kariokor (Starehe)
13655176,3557454,4,Ziwa La Ng'ombe (Nyali)
13614839,6458808,4,Zimmerman (Roysambu)
13614908,30,4,Yimbo East (Bondo)
13615858,45417,4,Yala Township (Gem)
13613637,45834,4,Wusi/Kishamba (Mwatate)
13609839,45833,4,Wundanyi/Mbale (Wundanyi)
13609823,45833,4,Wumingu/Kishushe (Wundanyi)
13609705,98,4,Wote (Makueni)
13615415,6458775,4,Woodley/Kenyatta Golf Course (Kibra)
13618557,23525,4,Wodanga (Sabatia)
13615315,93,4,Witu (Lamu West)
13609788,78938,4,Witeithie (Juja)
13612230,1741073,4,Wiga (Suna West)
13614911,30,4,West Yimbo (Bondo)
13612335,144,4,West Uyoma (Rarieda)
13614717,45418,4,West Ugenya (Ugenya)
13615436,80,4,West Seme (Seme)
13610609,34,4,West Sang'alo (Kanduyi)
13614905,30,4,West Sakwa (Bondo)
13615141,274789,4,West Sakwa (Awendo)
13618554,23525,4,West Sabatia (Sabatia)
13615155,53971,4,West Nyakach (Nyakach)
13615071,52028,4,West Nalondo (Kabuchai)
13612496,406263,4,West Kisumu (Kisumu West)
13617109,143,4,West Kasipul (Rachuonyo South)
13633814,54144,4,West Karachuonyo (Karachuonyo)
13614098,97310,4,West Kanyamkago (Uriri)
13615121,143,4,West Kamagak (Rachuonyo South)
13613950,63,4,West Kabras (Malava)
13633679,2302339,4,West Gem (Rangwe)
13615857,45417,4,West Gem (Gem)
13615419,45,4,West Bunyore (Emuhaya)
13614669,51968,4,West Bukusu (Bumula)
13612332,144,4,West Asembo (Rarieda)
13613686,150,4,West Alego (Alego Usonga)
13614279,79766,4,Weru (Oljoroorok)
13609813,45833,4,Werugha (Wundanyi)
13615325,3029771,4,Wemilabi (Luanda)
13618144,141,4,Wei Wei (Pokot Central)
27280807,155,4,Wayu (Galole)
13617065,3573903,4,Watamu (Kilifi North)
13615289,147,4,Waso (Samburu East)
13612228,1741073,4,Wasimbete (Suna West)
13612229,1741073,4,Waseweta II (Suna West)
13612560,61240,4,Waseges (Subukia)
13616271,100,4,Wargudud (Mandera South)
13612631,274788,4,Wargadud (Tarbaj)
15240359,274785,4,Waranqara (Lafey)
13615173,274688,4,Wanjohi (Kipipiri)
13612215,117,4,Wangu (Kiharu)
13633975,54144,4,Wang'chieng (Karachuonyo)
13612815,120,4,Wamunyu (Mwala)
13614064,66431,4,Wamumu (Kirinyaga North/Mwea West)
13615284,147,4,Wamba West (Samburu East)
13616852,147,4,Wamba North (Samburu East)
13615279,147,4,Wamba East (Samburu East)
13612451,167961,4,Wamagana (Tetu)
13612422,62950,4,Waldai (Belgut)
13590621,6458693,4,Waithaka (Dagoretti South)
13617163,121,4,Waita (Mwingi Central)
13615951,164,4,Waitaluk (Kiminini)
13615055,500865,4,Waia-kako (Mbooni)
13618531,169,4,Wagberi (Wajir East)
13615427,48,4,Waberi (Garissa)
13655045,59,4,Wabera (Isiolo)
6592543,85,4,Waa Ng'ombeni (Matuga)
13617128,70087,4,Voo/Kyamatu (Kitui East)
13612509,125,4,Viwandani (Naivasha)
13612295,23399,4,Viwandani (Makadara)
13615728,61109,4,Visoi (Rongai)
6592477,3573993,4,Vanga (Lunga Lunga)
13589829,6458693,4,Uthiru/Ruthimitu (Dagoretti South)
13615277,1480070,4,Uthiru (Kabete)
13614344,6459069,4,Utawala (Embakasi East)
13613659,6458824,4,Utalii (Ruaraka)
13613685,150,4,Usonga (Alego Usonga)
13616510,113,4,Uran (Moyale)
13614341,6459069,4,Upper Savannah (Embakasi East)
13613691,23498,4,Upper Kaewa/Iveti (Kathiani)
13613325,6459121,4,Umoja II (Embakasi West)
13613328,6459121,4,Umoja I (Embakasi West)
26407632,89,4,Umande (Laikipia East)
13614711,45418,4,Ukwala (Ugenya)
6592508,114,4,Ukunda (Msambweni)
15393899,500881,4,Ukia (Kaiti)
13615444,274790,4,Ugunja (Ugunja)
13612385,3976864,4,Tuwani (Saboti)
13615832,63132,4,Turkwel (Loima)
13618066,111,4,Turi (Molo)
13614278,71631,4,Turbi (North Horr)
13613744,2891590,4,Tulwet/Chuiyat (Kesses)
13615051,500865,4,Tulimani (Mbooni)
13613648,46109,4,Tudor (Mvita)
6592529,85,4,Tsimba Golini (Matuga)
13775731,87,4,Tseikuru (Mwingi North)
13618528,169,4,Township (Wajir East)
13612489,159,4,Township (Thika Town)
13610653,134,4,Township (Nyamira)
13612551,101,4,Township (Mandera East)
13617104,81,4,Township (Kitui Central)
13612213,117,4,Township (Kiharu)
13618129,69,4,Township (Kiambu Town)
13610603,34,4,Township (Kanduyi)
13615426,48,4,Township (Garissa)
13613644,46109,4,Tononoka (Mvita)
22888722,33,4,Tongaren (Tongaren)
6592559,85,4,Tiwi (Matuga)
26407615,41,4,Tirioko (East Pokot)
13618126,69,4,Ting'ang'a (Kiambu Town)
13616264,5550018,4,Tinet (Kuresoi South)
13615652,161,4,Tinderet (Tinderet)
13614775,45821,4,Timbwani (Likoni)
13612358,71563,4,Timau (Buuri)
13615838,89,4,Tigithi (Laikipia East)
13615837,89,4,Thingithu (Laikipia East)
13614059,66431,4,Thiba (Kirinyaga North/Mwea West)
13609778,78938,4,Theta (Juja)
13612473,274715,4,Thegu River (Kieni East)
13842396,87,4,Tharaka (Mwingi North)
13612534,500872,4,Thange (Kibwezi East)
13616646,72170,4,Thangatha (Tigania East)
13617062,3573903,4,Tezo (Kilifi North)
13618230,131,4,Terik (Aldai)
13615993,27,4,Tenges (Baringo Central)
13614452,63109,4,Tendeno/Sorget (Kipkelion East)
13907133,42,4,Tembelio (Moiben)
13612284,37,4,Tebesonik (Bureti)
26407631,66432,4,Tebere (Kirinyaga South)
13633643,274788,4,Tarbaj (Tarbaj)
13613743,2891590,4,Tarakwa (Kesses)
13907405,2891589,4,Tapsagoi (Turbo)
13618428,62951,4,Tapach (Pokot South)
13615482,69867053,4,Tangulbei/Korossi ()
13610299,52,4,Tambua (Hamisi)
13616352,67,4,Tambach (Keiyo North)
13612991,70051,4,Tala (Matungulu)
26407638,102,4,Takaba South (Mandera West)
13613322,102,4,Takaba (Mandera West)
13615036,84,4,Tagare (Kuria West)
13617016,51,4,Tabaka (South Mugirango)
13610321,23497,4,Syokimau/Mulolongo (Athi River)
13613283,8486260,4,Suswa (Narok East)
13615570,1741070,4,Suna Central (Suna East)
13613935,146,4,Suguta Marmar (Samburu Central)
13612557,61240,4,Subukia (Subukia)
13612464,142,4,Suam (Pokot North)
13907359,43,4,Soy (Soy)
13618207,69331,4,Soy South (Keiyo South)
22888899,33,4,Soysambu/Mitua (Tongaren)
13618204,69331,4,Soy North (Keiyo South)
13615151,53971,4,South West Nyakach (Nyakach)
13612495,406263,4,South West Kisumu (Kisumu West)
13612330,144,4,South Uyoma (Rarieda)
13614902,30,4,South Sakwa (Bondo)
13615140,274789,4,South Sakwa (Awendo)
13615774,168,4,South Maragoli (Vihiga)
13614573,143,4,South Kasipul (Rachuonyo South)
13614095,97310,4,South Kanyamkago (Uriri)
13614273,145,4,South Kamagambo (Rongo)
13613948,63,4,South Kabras (Malava)
13615855,45417,4,South Gem (Gem)
13615149,53971,4,South East Nyakach (Nyakach)
13613684,150,4,South East Alego (Alego Usonga)
13613400,124,4,South C (Langata)
13614640,51968,4,South Bukusu (Bumula)
13618074,90,4,Sosian (Laikipia North)
13612415,174,4,Sook (West Pokot)
13614656,63430,4,Songot (Turkana West)
13615650,161,4,Songhor/Soba (Tinderet)
13616507,113,4,Sololo (Moyale)
13616405,10997000,4,Soliat (Sigowet/Soin)
13615727,61109,4,Solai (Rongai)
13617061,3573903,4,Sokoni (Kilifi North)
13617090,45818,4,Sokoke (Ganze)
13616402,10997000,4,Soin (Sigowet/Soin)
13615723,61109,4,Soin (Rongai)
13610225,133,4,Sogoo (Narok South)
13612413,174,4,Siyoi (West Pokot)
13613388,10347918,4,Sitikho (Webuye West)
13612146,163,4,Sitatunga (Cherangany)
13616199,63433,4,Sirikwa (Kuresoi North)
13615948,164,4,Sirende (Kiminini)
13621443,63144,4,Siongiroi (Chepalungu)
13612139,163,4,Sinyerere (Cherangany)
13612259,51969,4,Sinoko (Likuyani)
13621434,29,4,Singorwet (Bomet Central)
13907208,173,4,Simat/Kapseret (Kapseret)
13621430,29,4,Silibwet Township (Bomet Central)
13615500,69867053,4,Silale ()
13615945,164,4,Sikhendu (Kiminini)
13616400,10997000,4,Sigowet (Sigowet/Soin)
13621439,63144,4,Sigor (Chepalungu)
13615210,274645,4,Sigona (Kikuyu)
13615440,274790,4,Sigomere (Ugunja)
13615438,274790,4,Sidindi (Ugunja)
13614575,51968,4,Siboti (Bumula)
13613682,150,4,Siaya Township (Alego Usonga)
13615800,8486261,4,Siana (Narok West)
13613943,63,4,Shirungu-mugai (Malava)
13610294,52,4,Shiru (Hamisi)
13612396,61,4,Shirere (Lurambi)
13614319,301666,4,Shinoyi-shikomari-esumeiya (Navakholo)
13617072,3573906,4,Shimo La Tewa (Kilifi South)
15255979,100,4,Shimbir Fatuma (Mandera South)
13613642,46109,4,Shimanzi/Ganjoni (Mvita)
13614772,45821,4,Shika Adabu (Likoni)
13612395,61,4,Sheywe (Lurambi)
13617081,99,4,Shella (Malindi)
13615314,93,4,Shella (Lamu West)
13615901,52345915,4,Shauri Moyo Kaloleni (Kisumu Central)
13613639,112,4,Shanzu (Kisauni)
13615539,162,4,Shankoe (Transmara West)
13611860,135,4,Shamata (Ndaragwa)
26407665,52,4,Shamakhokho (Hamisi)
13615216,5550020,4,Shaabab (Nakuru West)
13613790,47,4,Sericho (Garbatulla)
13907151,42,4,Sergoit (Moiben)
13617039,54297,4,Sensi (Kitutu Chache North)
13612661,104,4,Sengwer (Marakwet West)
13618139,141,4,Sekerr (Pokot Central)
13907348,43,4,Segeroi/Barsombe (Soy)
13618072,90,4,Segera (Laikipia North)
13612627,274788,4,Sarman (Tarbaj)
13617093,6458775,4,Sarang'ombe (Kibra)
13615424,48,4,Sankuri (Garissa)
13612258,51969,4,Sango (Likuyani)
13612368,130,4,Sangalo/Kebulonik (Mosop)
13616767,274781,4,Sangailu (Hulugho)
13616971,54405,4,Sameta/Mokwerero (Bobasi)
13612105,58550,4,Sambirir (Marakwet East)
13615923,91,4,Salama (Laikipia West)
26407651,45832,4,Sala (Bura)
13614104,223918,4,Saka (Balambala)
26407613,28,4,Saimo/Soi (Baringo North)
26407666,28,4,Saimoi/Kipsaraman (Baringo North)
13612251,105,4,Sagante/Jaldesa (Saku)
26407647,133,4,Sagamian (Narok South)
13612442,153,4,Sagala (Voi)
13615976,27,4,Sacho (Baringo Central)
13612381,3976864,4,Saboti (Saboti)
13614799,88,4,Sabena (Lagdera)
13617073,46121,4,Sabaki (Magarini)
15515104,66435,4,Rwathia (Kangema)
13613276,167960,4,Rware (Nyeri Central)
13617960,54482,4,Rusinga Island (Mbita)
13617046,45819,4,Ruruma (Rabai)
13613267,167960,4,Ruring'u (Nyeri Central)
13615338,79767,4,Rurii (Olkalou)
13615922,91,4,Rumuruti Township (Laikipia West)
26407617,152,4,Ruma-kaksingiri East (Suba South)
13618794,71563,4,Ruiru/Rwawera (Buuri)
13613844,5206201,4,Ruguru-ngandori (Manyatta)
13615505,274705,4,Ruguru (Mathira West)
13612568,167962,4,Rugi (Mukurweini)
13613214,79041,4,Ruchu (Kandara)
13614176,23398,4,Ruai (Kasarani)
13614836,6458808,4,Roysambu (Roysambu)
13621479,151,4,Rongena/Manaret (Sotik)
13613631,45834,4,Ronge (Mwatate)
13612045,94,4,Rombo (Loitokitok)
13612412,174,4,Riwo (West Pokot)
13589748,6458693,4,Riruta (Dagoretti South)
13616207,106,4,Rigoma (Masaba North)
26407614,41,4,Ribkwo (East Pokot)
13616980,78,4,Riana (Bonchari)
13618124,69,4,Riabai (Kiambu Town)
13615213,5550020,4,Rhoda (Nakuru West)
13615000,23400,4,Rhamu (Mandera North)
13614997,23400,4,Rhamu Dimtu (Mandera North)
13612404,82,4,Ravine (Koibatek)
6592506,114,4,Ramisi (Msambweni)
13615895,52345915,4,Railways (Kisumu Central)
13612226,1741073,4,Ragana-oruba (Suna West)
13613742,2891590,4,Racecourse (Kesses)
13617047,45819,4,Rabai/Kisurutini (Rabai)
24199427,62848,4,Purko (Kajiado Central)
13616226,123,4,Pumwani (Kamukunji)
6592414,74,4,Puma (Kinango)
26407644,73,4,Port Reitz (Changamwe)
13613933,146,4,Porro (Samburu Central)
6592443,3573993,4,Pongwe/Kikokeni (Lunga Lunga)
26407646,6458924,4,Pipeline (Embakasi South)
13614026,23397,4,Parklands/Highridge (Westlands)
13615619,23396,4,Pangani (Starehe)
13613441,60,4,Ongata Rongai (Kajiado North)
13617413,113830,4,Ombeyi (Muhoroni)
13612691,132,4,Olposimoru (Narok North)
13612686,132,4,Olorropil (Narok North)
13614304,274809,4,Oloosirkon/Sholinke (Kajiado East)
13613440,60,4,Oloolua (Kajiado North)
13610220,133,4,Ololulung'a (Narok South)
13615846,64601,4,Ololmasani (Transmara East)
13612678,132,4,Olokurto (Narok North)
13615920,91,4,Ol-moran (Laikipia West)
13612241,129,4,Ol'lessos (Nandi Hills)
13613437,60,4,Olkeri (Kajiado North)
13612507,125,4,Olkaria (Naivasha)
13655318,59,4,Oldo/Nyiro (Isiolo)
13618315,113,4,Obbu (Moyale)
13612256,51969,4,Nzoia (Likuyani)
13613359,98,4,Nzaui/Kilili/Kalamba (Makueni)
13617136,70087,4,Nzambani (Kitui East)
13615978,63433,4,Nyota (Kuresoi North)
13613777,148,4,Nyiro (Samburu North)
13615409,124,4,Nyayo Highrise (Langata)
13617029,1741135,4,Nyatieko (Kitutu Chache South)
13609422,31,4,Nyansiongo (Borabu)
13615032,84,4,Nyanmosense/Komosoko (Kuria West)
13621447,63144,4,Nyangores (Chepalungu)
26407669,66432,4,Nyangati (Kirinyaga South)
13615556,99209,4,Nyanduma (Lari)
13617001,55213,4,Nyamasibi (Nyaribari Masaba)
13610645,134,4,Nyamaiya (Nyamira)
13615891,52345915,4,Nyalenda B (Kisumu Central)
13615890,79,4,Nyalenda A (Kisumu East)
13617028,1741135,4,Nyakoe (Kitutu Chache South)
13613420,57,4,Nyaki West (Imenti North)
13617965,274686,4,Nyakio (Kinangop)
13610083,57,4,Nyaki East (Imenti North)
13615274,1480070,4,Nyadhuna (Kabete)
13616962,54405,4,Nyacheki (Bobasi)
13616531,83,4,Nyabasi West (Kuria East)
13618333,83,4,Nyabasi East (Kuria East)
13617170,121,4,Nuu (Mwingi Central)
15361031,71633,4,Ntunene (Igembe North)
13610064,57,4,Ntima West (Imenti North)
13616535,83,4,Ntimaru West (Kuria East)
13616536,83,4,Ntimaru East (Kuria East)
13610059,57,4,Ntima East (Imenti North)
13612058,107,4,Nthawa (Mbeere North)
13612492,406263,4,North West Kisumu (Kisumu West)
13612328,144,4,North Uyoma (Rarieda)
13614709,45418,4,North Ugenya (Ugenya)
13615435,80,4,North Seme (Seme)
13614897,30,4,North Sakwa (Bondo)
13615137,274789,4,North Sakwa (Awendo)
13615145,53971,4,North Nyakach (Nyakach)
13618551,23525,4,North Maragoli (Sabatia)
13617963,274686,4,North Kinangop (Kinangop)
13634480,54144,4,North Karachuonyo (Karachuonyo)
13614092,97310,4,North Kanyamkago (Uriri)
13614271,145,4,North Kamagambo (Rongo)
13613731,23404,4,North Kadem (Nyatike)
13614813,71631,4,North Horr (North Horr)
13615853,45417,4,North Gem (Gem)
13615418,45,4,North East Bunyore (Emuhaya)
13613681,150,4,North Alego (Alego Usonga)
13609639,58,4,Nkuene (Imenti South)
13612481,198074,4,Nkondi (Tharaka South)
13615955,72172,4,Nkomo (Tigania West)
13612671,132,4,Nkareta (Narok North)
13613436,60,4,Nkaimurunya (Kajiado North)
13612431,66430,4,Njukiine (Kirinyaga East)
13613145,62876,4,Njoro (Njoro)
13614174,23398,4,Njiru (Kasarani)
13612895,3129987,4,Njia (Igembe Central)
13616290,274686,4,Njabani/Kiburu (Kinangop)
13617188,23499,4,Nguutani (Mwingi West)
13618352,500873,4,Nguumo (Kibwezi West)
13618350,500873,4,Nguu/Masumba (Kibwezi West)
13617166,121,4,Nguni (Mwingi Central)
13613432,60,4,Ngong (Kajiado North)
13775693,87,4,Ngomeni (Mwingi North)
13612488,159,4,Ngoliba (Thika Town)
13612440,153,4,Ngolia (Voi)
13615835,89,4,Ngobit (Laikipia East)
15434345,118,4,Nginda (Muranga South)
13613838,5206201,4,Nginda (Manyatta)
13611790,249509,4,Ngewa (Githunguri)
13907239,173,4,Ngeria (Kapseret)
13907435,2891589,4,Ngenyilel (Turbo)
13611840,49,4,Ngenda (Gatundu South)
13614378,6458860,4,Ngei (Mathare)
13612347,70,4,Ngecha Tigoni (Limuru)
13612429,66430,4,Ngariama (Kirinyaga East)
13655268,59,4,Ngare Mara (Isiolo)
13615609,23396,4,Ngara (Starehe)
13614460,79041,4,Ng'araria (Kandara)
13589692,6458693,4,Ngando (Dagoretti South)
13613136,62876,4,Nessuit (Njoro)
13612536,101,4,Neboi (Mandera East)
13618118,69,4,Ndumberi (Kiambu Town)
13613776,148,4,Ndoto (Samburu North)
13612193,32,4,Ndivisi (Webuye East)
13613582,70009,4,Ndithini (Masinga)
13615748,1480068,4,Ndenderu (Kiambaa)
13612345,70,4,Ndeiya (Limuru)
6538688,74,4,Ndavaya (Kinango)
13611830,49,4,Ndarugu (Gatundu South)
13621433,29,4,Ndaraweta (Bomet Central)
13621478,151,4,Ndanai/Abosi (Sotik)
22888794,33,4,Ndalu (Tongaren)
13612367,130,4,Ndalat (Mosop)
13610510,175,4,Ndalani (Yatta)
13612470,274715,4,Naromoru/Kiamathaga (Kieni East)
13612692,132,4,Narok Town (Narok North)
13615833,89,4,Nanyuki (Laikipia East)
13616365,46,4,Nanighi (Fafi)
13615579,149,4,Nangina (Samia)
13612242,129,4,Nandi Hills (Nandi Hills)
13614654,63430,4,Nanaam (Turkana West)
13612246,35,4,Namwela (Sirisia)
13615577,149,4,Namboboto-nambuku (Samia)
13613764,52016,4,Nambale (Nambale)
13616476,23529,4,Namamali (Matungu)
13612300,126,4,Nakuru East (Nakuru East)
13615515,63430,4,Nakalale (Turkana West)
13612506,125,4,Naivasha East (Naivasha)
22886089,33,4,Naitiri/Kabuyefwe (Tongaren)
13613398,124,4,Nairobi West (Langata)
13615599,23396,4,Nairobi South (Starehe)
13624371,23396,4,Nairobi Central (Starehe)
13615797,8486261,4,Naikarra (Narok West)
13615176,274645,4,Nachu (Kikuyu)
13613772,148,4,Nachola (Samburu North)
13615941,164,4,Nabiswa (Kiminini)
15355084,71633,4,Naathu (Igembe North)
13615708,138,4,Mwiyogo/Endarasha (Kieni West)
13612265,96,4,Mwimbi (Mwimbi)
13618389,63759,4,Mwiki (Ruiru)
13614172,23398,4,Mwiki (Kasarani)
13618387,63759,4,Mwihoko (Ruiru)
13615324,3029771,4,Mwibona (Luanda)
9203873,3573993,4,Mwereni (Lunga Lunga)
13615704,138,4,Mweiga (Kieni West)
13610022,67202,4,Mwea (Mbeere South)
13617048,45819,4,Mwawesa (Rabai)
6592427,74,4,Mwavumbo (Kinango)
13613629,45834,4,Mwatate (Mwatate)
13617070,3573906,4,Mwarakaya (Kilifi South)
13615753,56,4,Mwangathia (Imenti Central)
13609799,45833,4,Mwanda/Mgange (Wundanyi)
13617045,65,4,Mwanamwinga (Kaloleni)
13613820,112,4,Mwakirunge (Kisauni)
13615251,97,4,Muvuti/Kiima-kimwe (Machakos)
13609675,98,4,Muvau/Kikumini (Makueni)
13590658,6458693,4,Mutu-ini (Dagoretti South)
13617192,70098,4,Mutongoni (Kitui West)
13617113,119,4,Mutomo (Kitui South)
13615250,97,4,Mutituni (Machakos)
13617127,70087,4,Mutitu/Kaliku (Kitui East)
13614055,66431,4,Mutithi (Kirinyaga North/Mwea West)
26407624,66094,4,Mutira (Kirinyaga Central)
26407633,23497,4,Muthwani (Athi River)
13616621,79039,4,Muthithi (Kigumo)
13612802,120,4,Muthetheni (Mwala)
26407635,70009,4,Muthesya (Masinga)
13618441,72170,4,Muthara (Tigania East)
49929422,26407661,4,Muthambi (Muthambi)
13617118,119,4,Mutha (Kitui South)
13621432,29,4,Mutarakwa (Bomet Central)
13610599,34,4,Musikoma (Kanduyi)
13616748,2520772,4,Musanda (Mumias West)
13616289,274686,4,Murungaru (Kinangop)
13614459,79041,4,Muruka (Kandara)
26407630,66432,4,Murinduko (Kirinyaga South)
13613392,61230,4,Murindati (Gilgil)
13616422,62,4,Murhanda (Shinyalu)
13609748,78938,4,Murera (Juja)
13612211,117,4,Murarandia (Kiharu)
13610050,57,4,Municipality (Imenti North)
13615771,168,4,Mungoma (Vihiga)
13617177,87,4,Mumoni (Mwingi North)
13612054,107,4,Muminji (Mbeere North)
13616747,2520772,4,Mumias North (Mumias West)
13616745,2520772,4,Mumias Central (Mumias West)
13615247,97,4,Mumbuni North (Machakos)
13612401,82,4,Mumberes/Maji Mazuri (Koibatek)
13617110,81,4,Mulango (Kitui Central)
13615068,52028,4,Mukuyuni (Kabuchai)
13611683,58409,4,Mukutani (Marigat)
13612566,167962,4,Mukurwe-ini West (Mukurweini)
13612565,167962,4,Mukurwe-ini Central (Mukurweini)
13611801,76,4,Mukure (Kirinyaga West)
13612478,158,4,Mukothima (Tharaka North)
13615873,500879,4,Mukaa (Kilome)
13617167,121,4,Mui (Mwingi Central)
13613730,23404,4,Muhuru (Nyatike)
13610287,52,4,Muhudu (Hamisi)
13615630,113830,4,Muhoroni Koru (Muhoroni)
13614785,109,4,Mugwe (Chuka)
15502251,66435,4,Muguru (Kangema)
13615700,138,4,Mugunda (Kieni West)
13613394,124,4,Mugumo-ini (Langata)
13655561,78939,4,Mugumo-ini (Gatanga)
13615271,1480070,4,Muguga (Kabete)
13612210,117,4,Mugoiri (Kiharu)
13618070,90,4,Mugogodo West (Laikipia North)
13618068,90,4,Mugogodo East (Laikipia North)
13615744,1480068,4,Muchatha (Kiambaa)
13615244,97,4,Mua (Machakos)
13613496,112,4,Mtopanga (Kisauni)
13614771,45821,4,Mtongwe (Likoni)
13612533,500872,4,Mtito Andei (Kibwezi East)
13617068,3573906,4,Mtepeni (Kilifi South)
13616504,113,4,Moyale Township (Moyale)
13613324,6459121,4,Mowlem (Embakasi West)
13614036,23397,4,Mountain View (Westlands)
13612135,163,4,Motosiet (Cherangany)
13617019,51,4,Moticho (South Mugirango)
13615719,61109,4,Mosop (Rongai)
13613303,8486260,4,Mosiro (Narok East)
13612302,2839512,4,Mosiro (Kajiado West)
13617032,54297,4,Monyerero (Kitutu Chache North)
13618049,111,4,Molo (Molo)
13615026,84,4,Mokerero (Kuria West)
13907337,43,4,Moi's Bridge (Soy)
13907174,42,4,Moiben (Moiben)
13612656,104,4,Moiben/Kuserwo (Marakwet West)
13615084,58549,4,Mogotio (Mogotio)
13615843,64601,4,Mogondo (Transmara East)
13621456,63143,4,Mogogosiek (Konoin)
13614793,88,4,Modogashe (Lagdera)
13611680,58409,4,Mochongoi (Marigat)
13617058,3573903,4,Mnarani (Kilifi North)
13612409,174,4,Mnagei (West Pokot)
51036097,6458860,4,Mlango Kubwa (Mathare)
13615312,93,4,Mkunumbi (Lamu West)
6592574,85,4,Mkongani (Matuga)
13655362,3557454,4,Mkomani (Nyali)
13615306,93,4,Mkomani (Lamu West)
13613641,46109,4,Mji Wa Kale/Makadara (Mvita)
13613494,112,4,Mjambere (Kisauni)
13615628,113830,4,Miwani (Muhoroni)
13609634,58,4,Mitunguu (Imenti South)
13612264,26407661,4,Mitheru (Muthambi)
13613680,23498,4,Mitamboni (Kathiani)
13613387,10347918,4,Misikhu (Webuye West)
13612223,3555921,4,Miritini (Jomvu)
13615336,79767,4,Mirangine (Olkalou)
22886212,33,4,Milima (Tongaren)
13616644,72170,4,Mikinduri (Tigania East)
26407654,155,4,Mikinduni (Galole)
13612222,3555921,4,Mikindani (Jomvu)
13612189,32,4,Mihuu (Webuye East)
26407645,6459069,4,Mihango (Embakasi East)
13617184,23499,4,Migwani (Mwingi West)
13615888,52345915,4,Migosi (Kisumu Central)
13617096,81,4,Miambani (Kitui Central)
13621436,54482,4,Mfangano Island (Mbita)
13618196,69331,4,Metkei (Keiyo South)
13621472,2435836,4,Merigi (Bomet East)
13615711,61109,4,Menengai West (Rongai)
13612282,126,4,Menengai (Nakuru East)
13612667,132,4,Melili (Narok North)
13610194,133,4,Melelo (Narok South)
13609413,31,4,Mekenene (Borabu)
13907221,173,4,Megun (Kapseret)
13615048,500865,4,Mbooni (Mbooni)
13612438,153,4,Mbololo (Voi)
13615092,156,4,Mboghoni (Taveta)
13612795,120,4,Mbiuni (Mwala)
13613356,98,4,Mbitini (Makueni)
13617144,70091,4,Mbitini (Kitui Rural)
13612208,117,4,Mbiri (Kiharu)
26407642,72172,4,Mbeu (Tigania West)
13609986,67202,4,Mbeti South (Mbeere South)
13613822,5206201,4,Mbeti North (Manyatta)
13613340,61230,4,Mbaruk/Eburu (Gilgil)
22886039,33,4,Mbakalo (Tongaren)
13616474,23529,4,Mayoni (Matungu)
13618407,38,4,Mayenje (Matayos)
13610012,67202,4,Mavuria (Mbeere South)
13613353,98,4,Mavindini (Makueni)
13612554,95,4,Mautuma (Lugari)
13613130,62876,4,Mau Narok (Njoro)
13613120,62876,4,Mauche (Njoro)
15394882,54,4,Maua (Igembe South)
13610505,175,4,Matuu (Yatta)
13612986,70051,4,Matungulu West (Matungulu)
13612981,70051,4,Matungulu North (Matungulu)
13612976,70051,4,Matungulu East (Matungulu)
13615911,3946209,4,Matumbei (Endebess)
13609908,10347918,4,Matulo (Webuye West)
13617056,3573903,4,Matsangoni (Kilifi North)
13613323,6458994,4,Matopeni/Spring Valley (Embakasi Central)
13612380,3976864,4,Matisi (Saboti)
13617194,70098,4,Matinyani (Kitui West)
13613657,6458824,4,Mathare North (Ruaraka)
13618405,38,4,Matayos South (Matayos)
13615052,156,4,Mata (Taveta)
13616492,62848,4,Matapato South (Kajiado Central)
13616491,62848,4,Matapato North (Kajiado Central)
13616388,141,4,Masool (Pokot Central)
13612532,500872,4,Masongaleni (Kibwezi East)
13615635,113830,4,Masogo/Nyang'oma (Muhoroni)
13613590,70009,4,Masinga Central (Masinga)
13616998,55213,4,Masimba (Nyaribari Masaba)
13612790,120,4,Masii (Mwala)
13616972,54405,4,Masige West (Bobasi)
13616965,54405,4,Masige East (Bobasi)
13615261,55,4,Masalani (Ijara)
13615023,84,4,Masaba (Kuria West)
16648209,153,4,Marungu (Voi)
13618658,105,4,Marsabit Central (Saku)
13615919,91,4,Marmanet (Laikipia West)
13615886,52345915,4,Market Milimani (Kisumu Central)
13612287,23399,4,Maringo/Hamza (Makadara)
13612477,198074,4,Marimanti (Tharaka South)
13611679,58409,4,Marigat (Marigat)
13618017,111,4,Mariashoni (Molo)
13614759,13614693,4,Mariani (Igambangombe)
13617042,65,4,Mariakani (Kaloleni)
13615110,39,4,Marenyo-shianda (Butere)
13617034,54297,4,Marani (Kitutu Chache North)
13615793,8486261,4,Mara (Narok West)
13615105,39,4,Marama West (Butere)
13615093,39,4,Marama South (Butere)
13615103,39,4,Marama North (Butere)
13589084,39,4,Marama Central (Butere)
13611914,146,4,Maralal (Samburu Central)
13612183,32,4,Maraka (Webuye East)
13610593,34,4,Marakaru/Tuuti (Kanduyi)
13617078,46121,4,Marafa (Magarini)
13617980,23528,4,Marachi West (Butula)
26407616,23528,4,Marachi North (Butula)
13617977,23528,4,Marachi East (Butula)
13617975,23528,4,Marachi Central (Butula)
13615884,79,4,Manyatta B (Kisumu East)
13613518,274247,4,Mang'u (Gatundu North)
13612182,103,4,Manga (Manga)
26407618,63,4,Manda-shivanga (Malava)
13613474,274784,4,Malkamari (Banissa)
13616249,170,4,Malkagufu (Wajir North)
13617083,99,4,Malindi Town (Malindi)
13613379,61230,4,Malewa West (Gilgil)
13612245,35,4,Malakisi/South Kulisiru (Sirisia)
13614083,116,4,Malaha/Isongo/Makunga (Mumias East)
13613047,23527,4,Malaba South (Teso North)
13614395,23527,4,Malaba North (Teso North)
13613032,23527,4,Malaba Central (Teso North)
15431001,118,4,Makuyu (Muranga South)
13612806,120,4,Makutano/Mwala (Mwala)
13612127,163,4,Makutano (Cherangany)
13612292,23399,4,Makongeni (Makadara)
13618348,500873,4,Makindu (Kibwezi West)
13615405,6458775,4,Makina (Kibra)
13610002,67202,4,Makima (Mbeere South)
13616985,50,4,Majoge Basi (Bomachoge Chache)
13610204,133,4,Maji Moto/Naroosura (Narok South)
13613640,46109,4,Majengo (Mvita)
13612505,125,4,Mai Mahiu (Naivasha)
13614810,71631,4,Maikona (North Horr)
13615013,156,4,Mahoo (Taveta)
13611628,139,4,Mahiga (Nyeri South)
13612392,61,4,Mahiakalo (Lurambi)
13612205,54468,4,Magwagwa (Nyamira North)
13612235,274709,4,Magutu (Mathira East)
13616285,274686,4,Magumu (Kinangop)
13614740,109,4,Magumoni (Chuka)
13612176,103,4,Magombo (Manga)
13613490,112,4,Magogoni (Kisauni)
13616989,54387,4,Magenche (Bomachoge Borabu)
13617076,46121,4,Magarini (Magarini)
13612301,2839512,4,Magadi (Kajiado West)
13613382,52060,4,Maeni (Kimilili)
13612503,125,4,Maeilla (Naivasha)
26407650,45832,4,Madogo (Bura)
6592420,74,4,Mackinon Road (Kinango)
13612378,3976864,4,Machewa (Saboti)
13615255,97,4,Machakos Central (Machakos)
13613728,23404,4,Macalder/Kanyarwanda (Nyatike)
13614372,6458860,4,Mabatini (Mathare)
13614786,88,4,Maalamin (Lagdera)
13618547,23525,4,Lyaduywa/Izava (Sabatia)
13612552,95,4,Lwandeti (Lugari)
13612243,35,4,Lwandanyi (Sirisia)
13614085,116,4,Lusheya/Lubinu (Mumias East)
13612550,95,4,Lumakanda (Lugari)
13612548,95,4,Lugari (Lugari)
13615769,168,4,Lugaga-wamuluma (Vihiga)
13613655,6458824,4,Lucky Summer (Ruaraka)
13615322,3029771,4,Luanda Township (Luanda)
13615321,3029771,4,Luanda South (Luanda)
13614334,6459069,4,Lower Savannah (Embakasi East)
13613666,23498,4,Lower Kaewa/Kaani (Kathiani)
13614650,63430,4,Lopur (Turkana West)
13613819,146,4,Loosuk (Samburu Central)
13621469,2435836,4,Longisa (Bomet East)
13615209,5550020,4,London (Nakuru West)
13614449,63109,4,Londiani (Kipkelion East)
13616383,141,4,Lomut (Pokot Central)
13615535,162,4,Lolgorian (Transmara West)
13613751,64982,4,Lokori/Kochodin (Turkana East)
13615827,63132,4,Lokiriama/Lorengippi (Loima)
13614649,63430,4,Lokichoggio (Turkana West)
13614761,167,4,Lokichar (Turkana South)
13614003,92,4,Loiyangalani (Laisamis)
13615487,69867053,4,Loiyamorok ()
13610183,133,4,Loita (Narok South)
13615821,63132,4,Loima (Loima)
13613998,92,4,Loglogo (Laisamis)
13612528,165,4,Lodwar Township (Turkana Central)
13613816,146,4,Lodokejek (Samburu Central)
13614758,167,4,Lobokat (Turkana South)
13640923,37,4,Litein (Bureti)
13615401,6458775,4,Lindi (Kibra)
13612342,70,4,Limuru East (Limuru)
13612339,70,4,Limuru Central (Limuru)
13612254,51969,4,Likuyani (Likuyani)
13613977,45821,4,Likoni (Likoni)
13613964,274777,4,Liboi (Dadaab)
15240278,274785,4,Libehia (Lafey)
13614643,63430,4,Letea (Turkana West)
13611854,135,4,Leshau/Pondo (Ndaragwa)
13612403,82,4,Lembus/Perkerra (Koibatek)
13776712,82,4,Lembus Kwen (Koibatek)
13612400,82,4,Lembus (Koibatek)
13612355,3050816,4,Lelmoko/Ngechek (Chesumei)
13618427,62951,4,Lelan (Pokot South)
13612653,104,4,Lelan (Marakwet West)
13615552,99209,4,Lari/Kirenga (Lari)
13613114,62876,4,Lare (Njoro)
13615512,166,4,Lapur (Turkana North)
13907247,173,4,Langas (Kapseret)
13615680,127,4,Lanet/Umoja (Nakuru North)
13615598,23396,4,Landimawe (Starehe)
13617738,54482,4,Lambwe (Mbita)
13612311,274787,4,Lakoley South/Basir (Eldas)
13615511,166,4,Lakezone (Turkana North)
28221865,125,4,Lake View (Naivasha)
13613994,92,4,Laisamis (Laisamis)
13615399,6458775,4,Laini Saba (Kibra)
26407637,102,4,Lagsure (Mandera West)
13618459,171,4,Lagboghoi South (Wajir South)
13615665,274785,4,Lafey (Lafey)
13613962,274777,4,Labisgale (Dadaab)
13617173,87,4,Kyuso (Mwingi North)
13617187,23499,4,Kyome/Thaana (Mwingi West)
13615190,5206202,4,Kyeni South (Runyenjes)
13615185,5206202,4,Kyeni North (Runyenjes)
13612969,70051,4,Kyeleni (Matungulu)
13617107,81,4,Kyangwithya West (Kitui Central)
13617099,81,4,Kyangwithya East (Kitui Central)
13617149,70091,4,Kwavonza/Yatta (Kitui Rural)
13615566,1741070,4,Kwa (Suna East)
13613335,6458924,4,Kwa Reuben (Embakasi South)
13613337,6458924,4,Kware (Embakasi South)
13613320,86,4,Kwanza (Kwanza)
13613334,6458924,4,Kwa Njenga (Embakasi South)
13617195,70098,4,Kwamutonga/Kithumula (Kitui West)
13628387,23405,4,Kwabwai (Ndhiwa)
57972250,13616269,4,Kutulo (Kutulo)
13612366,130,4,Kurgung/Surungai (Mosop)
13616525,75,4,Kunyak (Kipkelion West)
13613970,94,4,Kuku (Loitokitok)
13907326,43,4,Kuinet/Kapsuswa (Soy)
6592571,85,4,Kubo South (Matuga)
13616472,23529,4,Koyonzo (Matungu)
13618228,131,4,Koyo/Ndurio (Aldai)
13615820,63132,4,Kotaruk/Lobei (Loima)
13612353,3050816,4,Kosirai (Chesumei)
13613993,92,4,Korr/Ngurunit (Laisamis)
13616245,170,4,Korondile (Wajir North)
13613654,6458824,4,Korogocho (Ruaraka)
13612234,274709,4,Konyu (Mathira East)
13655114,3557454,4,Kongowea (Nyali)
13612252,51969,4,Kongoni (Likuyani)
13621444,63144,4,Kong'asis (Chepalungu)
13615882,52345915,4,Kondele (Kisumu Central)
13611784,249509,4,Komothai (Githunguri)
13612375,6458994,4,Komarock (Embakasi Central)
13617610,79,4,Kolwa East (Kisumu East)
13615877,79,4,Kolwa Central (Kisumu East)
13615454,41,4,Kolowa (East Pokot)
13615241,68680407,4,Kola (Kalama)
13610360,2821613,4,Kokwanyo/Kakelo (Kabondo Kasipul)
13613945,2821613,4,Kojwach (Kabondo Kasipul)
13612398,82,4,Koibatek (Koibatek)
13612463,142,4,Kodich (Pokot North)
13633630,2302339,4,Kochia (Rangwe)
13613880,137,4,Kobura (Nyando)
13618224,131,4,Kobujoi (Aldai)
13612461,142,4,Kiwawa (Pokot North)
13612262,126,4,Kivumbuni (Nakuru East)
13617161,121,4,Kivou (Mwingi Central)
13613578,70009,4,Kivaa (Masinga)
13618385,63759,4,Kiuu (Ruiru)
13610621,45820,4,Kiunga (Lamu East)
26407670,1741135,4,Kitutu Central (Kitutu Chache South)
13614034,23397,4,Kitisuru (Westlands)
13613351,98,4,Kitise/Kithuki (Makueni)
13615045,500865,4,Kithungo/Kitundu (Mbooni)
13613808,5206201,4,Kithimu (Manyatta)
13610497,175,4,Kithimani (Yatta)
13615040,500865,4,Kiteta-kisau (Mbooni)
13663516,274809,4,Kitengela (Kajiado East)
13612494,406263,4,Kisumu North (Kisumu West)
13618791,71563,4,Kisima (Buuri)
13617007,1741129,4,Kisii Central (Nyaribari Chache)
13612275,37,4,Kisiara (Bureti)
13616726,51978,4,Kisa West (Khwisero)
13617152,70091,4,Kisasi (Kitui Rural)
13616724,51978,4,Kisa North (Khwisero)
13615081,58549,4,Kisanana (Mogotio)
13616722,51978,4,Kisa East (Khwisero)
13616718,51978,4,Kisa Central (Khwisero)
13616675,66433,4,Kiru (Mathioya)
13611849,135,4,Kiritta (Ndaragwa)
13615504,274705,4,Kirimukuyu (Mathira West)
13613794,5206201,4,Kirimari (Manyatta)
13612352,3050816,4,Kiptuiya (Chesumei)
13615975,63433,4,Kiptororo (Kuresoi North)
13616261,5550018,4,Kiptagich (Kuresoi South)
13621480,151,4,Kipsonoi (Sotik)
13907307,43,4,Kipsomba (Soy)
13621466,2435836,4,Kipreres (Bomet East)
13907395,2891589,4,Kiplombe (Turbo)
13907228,173,4,Kipkenyo (Kapseret)
26407620,75,4,Kipkelion (Kipkelion West)
13612363,130,4,Kipkaren (Mosop)
13615170,274688,4,Kipipiri (Kipipiri)
26407660,154,4,Kipini West (Garsen)
26407659,154,4,Kipini East (Garsen)
13615816,73,4,Kipevu (Changamwe)
13614408,68,4,Kipchimchim (Ainamoi)
13614407,68,4,Kipchebor (Ainamoi)
13617185,23499,4,Kiomo/Kyethani (Mwingi West)
13617006,1741129,4,Kiogoro (Nyaribari Chache)
13612376,3976864,4,Kinyoro (Saboti)
13616619,79039,4,Kinyona (Kigumo)
13615146,274645,4,Kinoo (Kikuyu)
6592511,114,4,Kinondo (Msambweni)
13613789,47,4,Kinna (Garbatulla)
13618433,72170,4,Kinguchwa (Tigania East)
13617972,23528,4,Kingandole (Butula)
13610302,23497,4,Kinanie (Athi River)
6538637,74,4,Kinango (Kinango)
13615548,99209,4,Kinale (Lari)
26407653,155,4,Kinakomba (Galole)
13907193,42,4,Kimumu (Moiben)
13621455,63143,4,Kimulot (Konoin)
15430963,118,4,Kimorori/Wempa (Muranga South)
13615534,162,4,Kimintet (Transmara West)
13615927,164,4,Kiminini (Kiminini)
13613381,52060,4,Kimilili (Kimilili)
13613969,94,4,Kimana (Loitokitok)
13615869,500879,4,Kima Kiu/Kalanzoni (Kilome)
13614628,51968,4,Kimaeti (Bumula)
13613455,274784,4,Kilwehiri (Banissa)
15393895,500881,4,Kilungu (Kaiti)
13589126,6458667,4,Kilimani (Dagoretti North)
13615596,128,4,Kilibwoni (Emgwen)
13615532,162,4,Kilgoris Central (Transmara West)
13589210,6458667,4,Kileleshwa (Dagoretti North)
13647048,274645,4,Kikuyu (Kikuyu)
13618346,500873,4,Kikumbulyu South (Kibwezi West)
13618344,500873,4,Kikumbulyu North (Kibwezi West)
13617335,99209,4,Kijabe (Lari)
13645894,71563,4,Kiirua/Naari (Buuri)
13611800,76,4,Kiine (Kirinyaga West)
13612517,78939,4,Kihumbu-ini (Gatanga)
13613104,62876,4,Kihingo (Njoro)
13615741,1480068,4,Kihara (Kiambaa)
13618412,79039,4,Kigumo (Kigumo)
13613243,167960,4,Kiganjo/Mathari (Nyeri Central)
13611824,49,4,Kiganjo (Gatundu South)
15394856,54,4,Kiegoi/Antubochiu (Igembe South)
13613414,1210148,4,Kibish (Kibish)
13633969,54144,4,Kibiri (Karachuonyo)
13645837,71563,4,Kibirichia (Buuri)
13609854,52060,4,Kibingei (Kimilili)
13612783,120,4,Kibauni (Mwala)
13617055,3573903,4,Kibarani (Kilifi North)
26407641,72172,4,Kianjai (Tigania West)
13611820,49,4,Kiamwangi (Gatundu South)
13616996,55213,4,Kiamokama (Nyaribari Masaba)
13609995,67202,4,Kiambere (Mbeere South)
13615679,127,4,Kiamaina (Nakuru North)
13614370,6458860,4,Kiamaiko (Mathare)
13615760,56,4,Kiagu (Imenti Central)
13609401,31,4,Kiabonyoru (Borabu)
13618525,169,4,Khorof/Harar (Wajir East)
13616470,23529,4,Kholera (Matungu)
13614613,51968,4,Khasoko (Bumula)
13612523,101,4,Khalalio (Mandera East)
13616469,23529,4,Khalaba (Matungu)
13610590,34,4,Khalaba (Kanduyi)
13615530,162,4,Keyian (Transmara West)
13617009,1741129,4,Keumbu (Nyaribari Chache)
26407623,66094,4,Kerugoya (Kirinyaga Central)
13612527,165,4,Kerio Delta (Turkana Central)
13616259,5550018,4,Keringet (Kuresoi South)
13614302,274809,4,Kenyawa-poka (Kajiado East)
13633976,54144,4,Kendu Bay Town (Karachuonyo)
13618223,131,4,Kemeloi-maraba (Aldai)
13621465,2435836,4,Kembu (Bomet East)
13613317,86,4,Keiyo (Kwanza)
13617037,54297,4,Kegogi (Kitutu Chache North)
13613297,8486260,4,Keekonyokie (Narok East)
13612298,2839512,4,Keekonyokie (Kajiado West)
15393991,500881,4,Kee (Kaiti)
13614444,63109,4,Kedowa/Kimugul (Kipkelion East)
13612373,6458994,4,Kayole South (Embakasi Central)
13612371,6458994,4,Kayole North (Embakasi Central)
13612370,6458994,4,Kayole Central (Embakasi Central)
13617043,65,4,Kayafungo (Kaloleni)
13589327,6458667,4,Kawangware (Dagoretti North)
13617190,70098,4,Kauwi (Kitui West)
13614756,167,4,Katilu (Turkana South)
13614901,64982,4,Katilia (Turkana East)
13613350,98,4,Kathonzweni (Makueni)
13613647,23498,4,Kathiani Central (Kathiani)
13610488,175,4,Katangi (Yatta)
13615865,500879,4,Kasikeu (Kilome)
13612436,153,4,Kasigau (Voi)
13617813,54482,4,Kasgunga (Mbita)
6592410,74,4,Kasemeni (Kinango)
13612460,142,4,Kasei (Pokot North)
13614170,23398,4,Kasarani (Kasarani)
13615737,1480068,4,Karuri (Kiambaa)
13614031,23397,4,Karura (Westlands)
13907158,42,4,Karuna/Meibeki (Moiben)
26407627,66430,4,Karumandi (Kirinyaga East)
13611798,76,4,Kariti (Kirinyaga West)
13613321,6459121,4,Kariobangi South (Embakasi West)
13616483,6458975,4,Kariobangi North (Embakasi North)
13614720,109,4,Karingani (Chuka)
13611622,139,4,Karima (Nyeri South)
13612515,78939,4,Kariara (Gatanga)
13613991,92,4,Kargi/South Horr (Laisamis)
13613391,124,4,Karen (Langata)
13615335,79767,4,Karau (Olkalou)
13612233,274709,4,Karatina Town (Mathira East)
13612247,105,4,Karare (Saku)
13616640,72170,4,Karama (Tigania East)
13615123,274645,4,Karai (Kikuyu)
13612102,58550,4,Kapyego (Marakwet East)
13614753,167,4,Kaputir (Turkana South)
13614298,274809,4,Kaputiei North (Kajiado East)
13618220,131,4,Kaptumo/Kaboi (Aldai)
13615207,5550020,4,Kaptembwo (Nakuru West)
13612351,3050816,4,Kaptel/Kamoiywo (Chesumei)
13618193,69331,4,Kaptarakwa (Keiyo South)
13612519,115,4,Kaptama (Mt Elgon)
13750421,2891591,4,Kaptagat (Ainabkoi)
69867028,62950,4,Kapsuser (Belgut)
13750394,2891591,4,Kapsoya (Ainabkoi)
13612649,104,4,Kapsowar (Marakwet West)
13614405,68,4,Kapsoit (Ainamoi)
13615646,161,4,Kapsimwotwo (Tinderet)
13615842,64601,4,Kapsasian (Transmara East)
13907425,2891589,4,Kapsaos (Turbo)
13614404,68,4,Kapsaos (Ainamoi)
13615590,128,4,Kapsabet (Emgwen)
13615954,27,4,Kapropita (Baringo Central)
13613315,86,4,Kapomboi (Kwanza)
13621475,151,4,Kapletundo (Sotik)
13616395,10997000,4,Kaplelartet (Sigowet/Soin)
13612125,163,4,Kaplamai (Cherangany)
13907288,43,4,Kapkures (Soy)
13615201,5550020,4,Kapkures (Nakuru West)
13614400,68,4,Kapkugerwet (Ainamoi)
13612271,37,4,Kapkatet (Bureti)
13615694,52061,4,Kapkateny (Cheptais)
13615588,128,4,Kapkangani (Emgwen)
13612408,174,4,Kapenguria (West Pokot)
13613746,64982,4,Kapedo/Napeitom (Turkana East)
13612238,129,4,Kapchorua (Nandi Hills)
13612458,142,4,Kapchok (Pokot North)
13616351,67,4,Kapchemutwa (Keiyo North)
13617119,119,4,Kanziku (Kitui South)
13626042,23405,4,Kanyikela (Ndhiwa)
15502143,66435,4,Kanyenya-ini (Kangema)
26407622,66094,4,Kanyekini (Kirinyaga Central)
13613726,23404,4,Kanyasa (Nyatike)
13617146,70091,4,Kanyangi (Kitui Rural)
13621543,23405,4,Kanyamwa Kosewe (Ndhiwa)
13621895,23405,4,Kanyamwa Kologi (Ndhiwa)
13633898,54144,4,Kanyaluo (Karachuonyo)
13635408,23405,4,Kanyadoto (Ndhiwa)
15394871,54,4,Kanuni (Igembe South)
13615334,79767,4,Kanjuiri Range (Olkalou)
13612220,66,4,Kangundo West (Kangundo)
13612218,66,4,Kangundo North (Kangundo)
13612217,66,4,Kangundo East (Kangundo)
13612216,66,4,Kangundo Central (Kangundo)
13612886,3129987,4,Kangeta (Igembe Central)
13614029,23397,4,Kangemi (Westlands)
13612525,165,4,Kang'atotha (Turkana Central)
13616615,79039,4,Kangari (Kigumo)
26407628,66431,4,Kangai (Kirinyaga North/Mwea West)
13612522,165,4,Kanamkemer (Turkana Central)
13609848,52060,4,Kamukuywa (Kimilili)
13612174,103,4,Kamera (Manga)
38519426,159,4,Kamenu (Thika Town)
13615540,99209,4,Kamburu (Lari)
15430686,118,4,Kambiti (Muranga South)
13617049,45819,4,Kambe/Ribe (Rabai)
13616517,75,4,Kamasian (Kipkelion West)
13616346,67,4,Kamariny (Keiyo North)
13615973,63433,4,Kamara (Kuresoi North)
13613236,167960,4,Kamakwa/Mukaro (Nyeri Central)
15427248,118,4,Kamahuha (Muranga South)
13907413,2891589,4,Kamagut (Turbo)
13616671,66433,4,Kamacharia (Mathioya)
13612434,153,4,Kaloleni (Voi)
13617040,65,4,Kaloleni (Kaloleni)
13612520,165,4,Kalokol (Turkana Central)
13614639,63430,4,Kalobeyei (Turkana West)
13609740,78938,4,Kalimoni (Juja)
13613725,23404,4,Kaler (Nyatike)
13615039,500865,4,Kalawa (Mbooni)
13614750,167,4,Kalapata (Turkana South)
13615240,68680407,4,Kalama (Kalama)
13612514,78939,4,Kakuzi/Mitubiri (Gatanga)
13617085,99,4,Kakuyuni (Malindi)
13614636,63430,4,Kakuma (Turkana West)
13629066,152,4,Kaksingiri West (Suba South)
13615565,1741070,4,Kakrao (Suna East)
13615876,79,4,Kajulu (Kisumu East)
13615331,79767,4,Kaimbaga (Olkalou)
13655554,79039,4,Kahumbu (Kigumo)
13614832,6458808,4,Kahawa West (Roysambu)
13618382,63759,4,Kahawa Wendani (Ruiru)
13616578,63759,4,Kahawa/Sukari (Ruiru)
13614827,6458808,4,Kahawa (Roysambu)
13614457,79041,4,Kagundu-ini (Kandara)
13633617,2302339,4,Kagan (Rangwe)
13615180,5206202,4,Kagaari South (Runyenjes)
13615175,5206202,4,Kagaari North (Runyenjes)
13617292,166,4,Kaeris (Turkana North)
13655266,3557454,4,Kadzandani (Nyali)
13613723,23404,4,Kachien'g (Nyatike)
13618213,131,4,Kabwareng (Aldai)
13628487,23405,4,Kabuoch South/Pala (Ndhiwa)
13614604,51968,4,Kabula (Bumula)
13615671,52028,4,Kabuchai/Chwele (Kabuchai)
13628673,23405,4,Kabouch North (Ndhiwa)
13613874,137,4,Kabonyo/Kanyagwai (Nyando)
13609286,2821613,4,Kabondo West (Kabondo Kasipul)
13606797,2821613,4,Kabondo East (Kabondo Kasipul)
13612362,130,4,Kabiyet (Mosop)
13612360,130,4,Kabisaga (Mosop)
13589255,6458667,4,Kabiro (Dagoretti North)
13618186,69331,4,Kabiemit (Keiyo South)
13612419,62950,4,Kabianga (Belgut)
13615269,1480070,4,Kabete (Kabete)
13612555,61240,4,Kabazi (Subukia)
13615678,127,4,Kabatini (Nakuru North)
13612468,274715,4,Kabaru (Kieni East)
13610243,28,4,Kabartonjo (Baringo North)
13615935,27,4,Kabarnet (Baringo Central)
26407626,66430,4,Kabare (Kirinyaga East)
13624266,166,4,Kaaleng/Kaikor (Turkana North)
13617067,3573906,4,Junju (Kilifi South)
13613488,112,4,Junda (Kisauni)
13609719,78938,4,Juja (Juja)
13612221,3555921,4,Jomvu Kuu (Jomvu)
13617087,99,4,Jilore (Malindi)
13610283,52,4,Jepkoyai (Hamisi)
13617092,45818,4,Jaribuni (Ganze)
13616362,46,4,Jarajila (Fafi)
13624357,223918,4,Jarajara (Balambala)
13612530,500872,4,Ivingoni/Nzambani (Kibwezi East)
13612204,54468,4,Itibo (Nyamira North)
13614454,79041,4,Ithiru (Kandara)
13612513,78939,4,Ithanga (Gatanga)
13616418,62,4,Isukha West (Shinyalu)
13616413,62,4,Isukha South (Shinyalu)
13616412,62,4,Isukha North (Shinyalu)
13616409,62,4,Isukha East (Shinyalu)
13616407,62,4,Isukha Central (Shinyalu)
13615011,84,4,Isibania (Kuria West)
13611614,139,4,Iria-ini (Nyeri South)
13612231,274709,4,Iriaini (Mathira East)
26407621,66094,4,Inoi (Kirinyaga Central)
13614314,301666,4,Ingoste-matiha (Navakholo)
13613973,94,4,Imbrikani/Eselelnkei (Loitokitok)
13614295,274809,4,Imaroro (Kajiado East)
13633987,6458924,4,Imara Daima (Embakasi South)
13612297,2839512,4,Iloodokilani (Kajiado West)
13615791,8486261,4,Ilmotiook (Narok West)
13614806,71631,4,Illeret (North Horr)
13615840,64601,4,Ilkerin (Transmara East)
15393888,500881,4,Ilima (Kaiti)
13613290,8486260,4,Ildamat (Narok East)
13616488,62848,4,Ildamat (Kajiado Central)
13617122,119,4,Ikutha (Kitui South)
13610483,175,4,Ikombe (Yatta)
13611779,249509,4,Ikinu (Githunguri)
13617125,119,4,Ikanga/Kyatune (Kitui South)
13615258,55,4,Ijara (Ijara)
13611671,58409,4,Iichamus (Marigat)
13615918,91,4,Igwamiti (Laikipia West)
13613346,58,4,Igoji West (Imenti South)
13613345,58,4,Igoji East (Imenti South)
13612891,3129987,4,Igembe East (Igembe Central)
49929441,13614693,4,Igambang'ombe (Igambangombe)
13615422,48,4,Iftin (Garissa)
13613431,64,4,Idakho South (Ikolomani)
13613430,64,4,Idakho North (Ikolomani)
13613427,64,4,Idakho East (Ikolomani)
13613426,64,4,Idakho Central (Ikolomani)
13617002,55213,4,Ichuni (Nyaribari Masaba)
15430739,118,4,Ichagaki (Muranga South)
13618458,171,4,Ibrahim Ure (Wajir South)
13617010,1741129,4,Ibeno (Nyaribari Chache)
13907387,2891589,4,Huruma (Turbo)
13614367,6458860,4,Huruma (Mathare)
13616763,274781,4,Hulugho (Hulugho)
13612484,159,4,Hospital (Thika Town)
13614363,6458860,4,Hospital (Mathare)
13617733,164,4,Hospital (Kiminini)
13615302,93,4,Hongwe (Lamu West)
13589767,53,4,Homa Bay West (Homa Bay Town)
13589643,53,4,Homa Bay East (Homa Bay Town)
13589598,53,4,Homa Bay Central (Homa Bay Town)
13590670,53,4,Homa Bay Arujo (Homa Bay Town)
13615298,93,4,Hindi (Lamu West)
13612500,125,4,Hellsgate (Naivasha)
13616500,113,4,Heillu/Manyatta (Moyale)
13612290,23399,4,Harambee (Makadara)
13612321,172,4,Hadado/Athibohol (Wajir West)
13618457,171,4,Habasswein (Wajir South)
13629039,152,4,Gwassi South (Suba South)
13629056,152,4,Gwassi North (Suba South)
13614989,23400,4,Guticha (Mandera North)
13616240,170,4,Gurar (Wajir North)
13613443,274784,4,Guba (Banissa)
13613721,23404,4,Got Kachola (Nyatike)
13614784,88,4,Goreale (Lagdera)
13617074,46121,4,Gongoni (Magarini)
13616495,113,4,Golbo (Moyale)
13616540,83,4,Gokeharaka/Getambwega (Kuria East)
13616237,170,4,Godoma (Wajir North)
13615561,1741070,4,God Jope (Suna East)
13616669,66433,4,Gitugi (Mathioya)
13613511,274247,4,Gituamba (Gatundu North)
13616570,63759,4,Gitothua (Ruiru)
13614820,6458808,4,Githurai (Roysambu)
13611770,249509,4,Githunguri (Githunguri)
13613501,274247,4,Githobokoni (Gatundu North)
13615168,274688,4,Githioro (Kipipiri)
13615915,91,4,Githiga (Laikipia West)
13611759,249509,4,Githiga (Githunguri)
13613312,102,4,Gither (Mandera West)
13616282,274686,4,Githabai (Kinangop)
13615265,1480070,4,Gitaru (Kabete)
13610271,52,4,Gisambai (Hamisi)
13613368,61230,4,Gilgil (Gilgil)
13612562,167962,4,Gikondi (Mukurweini)
13617015,51,4,Getenga (South Mugirango)
35582328,274688,4,Geta (Kipipiri)
13616997,55213,4,Gesusu (Nyaribari Masaba)
13616202,106,4,Gesima (Masaba North)
13617777,54482,4,Gembe (Mbita)
13613783,5206201,4,Gaturi South (Manyatta)
13613765,5206201,4,Gaturi North (Manyatta)
13612206,117,4,Gaturi (Kiharu)
13612542,158,4,Gatunga (Tharaka North)
13612482,159,4,Gatuanyaga (Thika Town)
13618375,63759,4,Gatongora (Ruiru)
13613225,167960,4,Gatitu/Muruguru (Nyeri Central)
13589159,6458667,4,Gatina (Dagoretti North)
13614277,79766,4,Gatimu (Oljoroorok)
26407629,66432,4,Gathigiriri (Kirinyaga South)
13616276,274686,4,Gathara (Kinangop)
13614276,79766,4,Gathanji (Oljoroorok)
13615698,138,4,Gatarakwa (Kieni West)
13612510,78939,4,Gatanga (Gatanga)
26407658,154,4,Garsen West (Garsen)
26407657,154,4,Garsen South (Garsen)
26407656,154,4,Garsen North (Garsen)
26407655,154,4,Garsen Central (Garsen)
13613788,47,4,Garba Tulla (Garbatulla)
13617080,46121,4,Garashi (Magarini)
13617091,45818,4,Ganze (Ganze)
13612324,172,4,Ganyure/Wagalla (Wajir West)
13612263,96,4,Ganga (Mwimbi)
13617084,99,4,Ganda (Malindi)
6592507,114,4,Gambato Bongwe (Msambweni)
13615420,48,4,Galbet (Garissa)
13612466,274715,4,Gakawa (Kieni East)
13614453,79041,4,Gaichanjiru (Kandara)
13616201,106,4,Gachuba (Masaba North)
13655265,3557454,4,Frere Town (Nyali)
13612249,126,4,Flamingo (Nakuru East)
15245100,274785,4,Fino (Lafey)
13610616,45820,4,Faza (Lamu East)
13616361,46,4,Fafi (Fafi)
13661982,2839512,4,Ewuaso Oo Nkidong'i (Kajiado West)
13615917,27,4,Ewalel/Chapchap (Baringo Central)
13612050,107,4,Evurore (Mbeere North)
13616744,2520772,4,Etenje (Mumias West)
13609393,31,4,Esise (Borabu)
13613967,94,4,Entonet/Lenkism (Loitokitok)
13616274,274686,4,Engineer (Kinangop)
13612405,174,4,Endugh (West Pokot)
13612100,58550,4,Endo (Marakwet East)
13615909,3946209,4,Endebess (Endebess)
13617131,70087,4,Endau/Malalani (Kitui East)
13616344,67,4,Emsoo (Keiyo North)
13615075,58549,4,Emining (Mogotio)
13621453,63143,4,Embomos (Konoin)
13612095,58550,4,Embobut/Embulot (Marakwet East)
13614332,6459069,4,Embakasi (Embakasi East)
13618343,500873,4,Emali/Mulala (Kibwezi West)
13615319,3029771,4,Emabungo (Luanda)
15255785,100,4,Elwak South (Mandera South)
13616267,100,4,Elwak North (Mandera South)
13617969,23528,4,Elugulu (Butula)
13612315,274787,4,Elnur/Tula Tula (Eldas)
13612518,115,4,Elgon (Mt Elgon)
13613352,61230,4,Elementaita (Gilgil)
13612313,274787,4,Eldas (Eldas)
13617994,111,4,Elburgon (Molo)
13612567,274788,4,Elben (Tarbaj)
13613771,148,4,El-barta (Samburu North)
13618570,54468,4,Ekerenyo (Nyamira North)
13613573,70009,4,Ekalakala (Masinga)
13614079,116,4,East Wanga (Mumias East)
13614705,45418,4,East Ugenya (Ugenya)
13615432,80,4,East Seme (Seme)
13613692,34,4,East Sang'alo (Kanduyi)
13616223,123,4,Eastleigh South (Kamukunji)
13616221,123,4,Eastleigh North (Kamukunji)
13614090,97310,4,East Kanyamkago (Uriri)
13613863,137,4,East Kano/Wawidhi (Nyando)
13614268,145,4,East Kamagambo (Rongo)
13614937,143,4,East Kamagak (Rachuonyo South)
13613942,63,4,East Kabras (Malava)
13633646,2302339,4,East Gem (Rangwe)
13615850,45417,4,East Gem (Gem)
13612326,144,4,East Asembo (Rarieda)
9203871,3573993,4,Dzombo (Lunga Lunga)
13615674,127,4,Dundori (Nakuru North)
13614178,71631,4,Dukana (North Horr)
10693107,171,4,Diif (Wajir South)
13613961,274777,4,Dertu (Dadaab)
13613428,274784,4,Derkhale (Banissa)
13612308,274787,4,Della (Eldas)
13616359,46,4,Dekaharia (Fafi)
13612449,167961,4,Dedan Kimathi (Tetu)
13614102,223918,4,Danyere (Balambala)
13613307,102,4,Dandu (Mandera West)
13616481,6458975,4,Dandora Area Iv (Embakasi North)
13616479,6458975,4,Dandora Area III (Embakasi North)
13616478,6458975,4,Dandora Area II (Embakasi North)
13616477,6458975,4,Dandora Area I (Embakasi North)
13616233,170,4,Danaba (Wajir North)
13613957,274777,4,Damajale (Dadaab)
13616486,62848,4,Dalalekutuk (Kajiado Central)
13618453,171,4,Dadaja Bulla (Wajir South)
13613954,274777,4,Dadaab (Dadaab)
13617053,3573903,4,Dabaso (Kilifi North)
13614164,23398,4,Clay City (Kasarani)
13615735,1480068,4,Cianda (Kiambaa)
13615446,69867053,4,Churo/Amaya ()
13617133,70087,4,Chuluni (Kitui East)
13612260,96,4,Chogoria (Mwimbi)
13611612,139,4,Chinga (Nyeri South)
13616513,75,4,Chilchila (Kipkelion West)
13612475,198074,4,Chiakagira (Tharaka South)
26407649,45832,4,Chewele (Bura)
26407652,155,4,Chewani (Galole)
13612544,95,4,Chevaywa (Lugari)
13621427,29,4,Chesoen (Bomet Central)
13615690,52061,4,Chesikaki (Cheptais)
13612119,163,4,Cherangany/Suwerwa (Cherangany)
13612642,104,4,Cherang'any/Chebororwa (Marakwet West)
13615661,206500,4,Cherab (Merti)
13615686,52061,4,Chepyuk (Cheptais)
13612418,62950,4,Cheptororiet/Seretut (Belgut)
13613741,2891590,4,Cheptiret/Kipchamo (Kesses)
13612359,130,4,Chepterwai (Mosop)
13615683,52061,4,Cheptais (Cheptais)
13614013,163,4,Chepsiro/Kiptoror (Cherangany)
13614438,63109,4,Chepseon (Kipkelion East)
13612270,37,4,Cheplanget (Bureti)
13612236,129,4,Chepkunyuk (Nandi Hills)
13615583,128,4,Chepkumia (Emgwen)
13616426,69331,4,Chepkorio (Keiyo South)
13615905,3946209,4,Chepchoina (Endebess)
13621452,63143,4,Chepchabas (Konoin)
13618425,62951,4,Chepareria (Pokot South)
6592437,74,4,Chengoni/Samburu (Kinango)
13612349,3050816,4,Chemundu/Kapng'etunyi (Chesumei)
13613938,63,4,Chemuche (Malava)
13612268,37,4,Chemosot (Bureti)
13615626,113830,4,Chemelil (Muhoroni)
13615642,161,4,Chemelil/Chemase (Tinderet)
13621460,2435836,4,Chemaner (Bomet East)
13621474,151,4,Chemagel (Sotik)
13612546,95,4,Chekalini (Lugari)
13621435,63144,4,Chebunyo (Chepalungu)
13612266,37,4,Cheboin (Bureti)
13613623,45834,4,Chawia (Mwatate)
13618546,23525,4,Chavakali (Sabatia)
13617066,3573906,4,Chasimba (Kilifi South)
13615655,206500,4,Chari (Merti)
13614275,79766,4,Charagita (Oljoroorok)
13613489,274247,4,Chania (Gatundu North)
13615814,73,4,Changamwe (Changamwe)
13614980,156,4,Chala (Taveta)
13611895,157,4,Chakol South (Teso South)
13611892,157,4,Chakol North (Teso South)
13612416,62950,4,Chaik (Belgut)
13615810,73,4,Chaani (Changamwe)
13615430,80,4,Central Seme (Seme)
13614895,30,4,Central Sakwa (Bondo)
13615134,274789,4,Central Sakwa (Awendo)
13615193,5206202,4,Central (Runyenjes)
13615142,53971,4,Central Nyakach (Nyakach)
13611845,135,4,Central (Ndaragwa)
13617160,121,4,Central (Mwingi Central)
13615766,168,4,Central Maragoli (Vihiga)
13612491,406263,4,Central Kisumu (Kisumu West)
13617244,143,4,Central Kasipul (Rachuonyo South)
13633868,54144,4,Central (Karachuonyo)
13614088,97310,4,Central Kanyamkago (Uriri)
13614180,145,4,Central Kamagambo (Rongo)
13615848,45417,4,Central Gem (Gem)
13615416,45,4,Central Bunyore (Emuhaya)
13613679,150,4,Central Alego (Alego Usonga)
13616217,123,4,California (Kamukunji)
13615576,149,4,Bwiri (Samia)
13615692,52028,4,Bwake/Luuya (Kabuchai)
14081249,61,4,Butsotso South (Lurambi)
13618829,61,4,Butsotso East (Lurambi)
13612386,61,4,Butsotso Central (Lurambi)
13618299,113,4,Butiye (Moyale)
13616230,170,4,Bute (Wajir North)
13613937,63,4,Butali/Chegulo (Malava)
13618401,38,4,Busibwabo (Matayos)
13618544,23525,4,Busali (Sabatia)
13618397,38,4,Burumba (Matayos)
13618450,171,4,Burder (Wajir South)
13614677,59,4,Burat (Isiolo)
13613618,45834,4,Bura(Mwatate) (Mwatate)
13616357,46,4,Bura (Fafi)
27385695,45832,4,Bura (Bura)
13614311,301666,4,Bunyala West (Navakholo)
13612540,36,4,Bunyala West (Bunyala)
13612539,36,4,Bunyala South (Bunyala)
13612538,36,4,Bunyala North (Bunyala)
13614309,301666,4,Bunyala East (Navakholo)
13614307,301666,4,Bunyala Central (Navakholo)
13612535,36,4,Bunyala Central (Bunyala)
13614591,51968,4,Bumula (Bumula)
13614675,59,4,Bulla Pesa (Isiolo)
13615008,84,4,Bukira East (Kuria West)
13615006,84,4,Bukira Central/Ikerege (Kuria West)
13618393,38,4,Bukhayo West (Matayos)
13613763,52016,4,Bukhayo North/Walatsi (Nambale)
13613761,52016,4,Bukhayo East (Nambale)
13613758,52016,4,Bukhayo Central (Nambale)
13610584,34,4,Bukembe West (Kanduyi)
13610576,34,4,Bukembe East (Kanduyi)
13616987,50,4,Bosoti/Sengera (Bomachoge Chache)
13610636,134,4,Bosamaro (Nyamira)
13617014,51,4,Borabu/Chitago (South Mugirango)
13616983,50,4,Boochi/Tendere (Bomachoge Chache)
13616993,54387,4,Boochi Borabu (Bomachoge Borabu)
13610630,134,4,Bonyamatuta (Nyamira)
13618568,54468,4,Bomwagamo (Nyamira North)
13616974,78,4,Bomorenda (Bonchari)
13616994,54387,4,Bombaba Borabu (Bomachoge Borabu)
13616977,78,4,Bomariba (Bonchari)
13614964,156,4,Bomani (Taveta)
13609897,10347918,4,Bokoli (Webuye West)
13616988,54387,4,Bokimonge (Bomachoge Borabu)
13618567,54468,4,Bokeira (Nyamira North)
13621450,63143,4,Boito (Konoin)
13617022,51,4,Boikanga (South Mugirango)
13617024,1741135,4,Bogusero (Kitutu Chache South)
13610626,134,4,Bogichora (Nyamira)
13616978,78,4,Bogiakumu (Bonchari)
13617023,51,4,Bogetenga (South Mugirango)
13617027,1741135,4,Bogeka (Kitutu Chache South)
13614768,45821,4,Bofu (Likoni)
13616964,54405,4,Bobasi Chache (Bobasi)
13616960,54405,4,Bobasi/Boitangare (Bobasi)
13617013,1741129,4,Bobaracho (Nyaribari Chache)
13617004,1741129,4,Birongo (Nyaribari Chache)
13609438,86,4,Bidii (Kwanza)
13612337,70,4,Bibirioni (Limuru)
13618371,63759,4,Biashara (Ruiru)
13612237,126,4,Biashara (Nakuru East)
13612498,125,4,Biashara (Naivasha)
13618447,171,4,Benane (Wajir South)
13614779,88,4,Benane (Lagdera)
13618421,62951,4,Batei (Pokot South)
13616228,170,4,Batalu (Wajir North)
13610614,45820,4,Basuba (Lamu East)
13616969,54405,4,Bassi Bogetaorio (Bobasi)
13616968,54405,4,Basi Central (Bobasi)
13610235,28,4,Barwessa (Baringo North)
13618521,169,4,Barwago (Wajir East)
13615197,5550020,4,Barut (Nakuru West)
13613453,28,4,Bartabwa (Baringo North)
13614778,88,4,Baraki (Lagdera)
26407625,66430,4,Baragwi (Kirinyaga East)
13610265,52,4,Banja (Hamisi)
13613412,274784,4,Banissa (Banissa)
26407648,45832,4,Bangale (Bura)
13613486,112,4,Bamburi (Kisauni)
13617088,45818,4,Bamba (Ganze)
13614100,223918,4,Balambala (Balambala)
13615670,127,4,Bahati (Nakuru North)
13615294,93,4,Bahari (Lamu West)
13613650,6458824,4,Babandogo (Ruaraka)
13613770,146,4,Baawa (Samburu Central)
13613858,137,4,Awasi/Onjiko (Nyando)
26407640,72172,4,Athwana (Tigania West)
13612881,3129987,4,Athiru Ruujine (Igembe Central)
15394893,54,4,Athiru Gaiti (Igembe South)
13610315,23497,4,Athi River (Athi River)
13617123,119,4,Athi (Kitui South)
26407636,23400,4,Ashabito (Mandera North)
13612637,104,4,Arror (Marakwet West)
13612318,172,4,Arbajahan (Wajir West)
13612487,101,4,Arabia (Mandera East)
15356183,71633,4,Antubetwe Kiongo (Igembe North)
15361003,71633,4,Antuambui (Igembe North)
13613025,23527,4,Ang'urai South (Teso North)
13613019,23527,4,Ang'urai North (Teso North)
13613012,23527,4,Ang'urai East (Teso North)
13611888,157,4,Ang'orom (Teso South)
13613766,146,4,Angata Nayokie (Samburu Central)
13615528,162,4,Angata Barikoi (Transmara West)
15349322,71633,4,Amwathi (Igembe North)
13611879,157,4,Amukura West (Teso South)
13611876,157,4,Amukura East (Teso South)
13611870,157,4,Amukura Central (Teso South)
13616254,5550018,4,Amalo (Kuresoi South)
15245721,274785,4,Alungo Gof (Lafey)
13612454,142,4,Alale (Pokot North)
13617771,72172,4,Akithii (Tigania West)
13612877,3129987,4,Akirang'ondu (Igembe Central)
15394864,54,4,Akachiu (Igembe South)
13615806,73,4,Airport (Changamwe)
13616214,123,4,Airbase (Kamukunji)
13614399,68,4,Ainamoi (Ainamoi)
13750374,2891591,4,Ainabkoi/Olare (Ainabkoi)
13613851,137,4,Ahero (Nyando)
13612446,167961,4,Aguthi-gaaki (Tetu)
13615574,149,4,Ageng'a Nanguba (Samia)
13617077,46121,4,Adu (Magarini)
13612319,172,4,Ademasajide (Wajir West)
15394898,56,4,Abothuguchi West (Imenti Central)
13615751,56,4,Abothuguchi Central (Imenti Central)
15394982,58,4,Abogeta West (Imenti South)
15394981,58,4,Abogeta East (Imenti South)
13613953,274777,4,Abakaile (Dadaab)
