id,NAME_0,NAME_1,NAME_2,NAME_3
,Kenya,Baringo,805,Lembus
,Kenya,Baringo,Baringo Central,Ewalel/Chapchap
,Kenya,Baringo,Baringo Central,Kabarnet
,Kenya,Baringo,Baringo Central,Kapropita
,Kenya,Baringo,Baringo Central,Sacho
,Kenya,Baringo,Baringo Central,Tenges
,Kenya,Baringo,Baringo North,Bartabwa
,Kenya,Baringo,Baringo North,Barwessa
,Kenya,Baringo,Baringo North,Kabartonjo
,Kenya,Baringo,Baringo North,Saimo/Kipsaraman
,Kenya,Baringo,Baringo North,Saimo/Soi
,Kenya,Baringo,Baringo South,Ilchamus
,Kenya,Baringo,Baringo South,Marigat
,Kenya,Baringo,Baringo South,Mochongoi
,Kenya,Baringo,Baringo South,Mukutani
,Kenya,Baringo,Eldama Ravine,Koibatek
,Kenya,Baringo,Eldama Ravine,Lembus Kwen
,Kenya,Baringo,Eldama Ravine,Lembus/Perkerra
,Kenya,Baringo,Eldama Ravine,Mumberes/Maji Mazuri
,Kenya,Baringo,Eldama Ravine,Ravine
,Kenya,Baringo,Mogotio,Emining
,Kenya,Baringo,Mogotio,Kisanana
,Kenya,Baringo,Mogotio,Mogotio
,Kenya,Baringo,Tiaty,Churo/Amaya
,Kenya,Baringo,Tiaty,Kolowa
,Kenya,Baringo,Tiaty,Loiyamorock
,Kenya,Baringo,Tiaty,Ribkwo
,Kenya,Baringo,Tiaty,Silale
,Kenya,Baringo,Tiaty,Tangulbei/Korossi
,Kenya,Baringo,Tiaty,Tirioko
,Kenya,Bomet,Bomet Central,Chesoen
,Kenya,Bomet,Bomet Central,Mutarakwa
,Kenya,Bomet,Bomet Central,Ndaraweta
,Kenya,Bomet,Bomet Central,Silibwet Township
,Kenya,Bomet,Bomet Central,Singorwet
,Kenya,Bomet,Bomet East,Chemaner
,Kenya,Bomet,Bomet East,Kembu
,Kenya,Bomet,Bomet East,Kipreres
,Kenya,Bomet,Bomet East,Longisa
,Kenya,Bomet,Bomet East,Merigi
,Kenya,Bomet,Chepalungu,Chebunyo
,Kenya,Bomet,Chepalungu,Kong'Asis
,Kenya,Bomet,Chepalungu,Nyangores
,Kenya,Bomet,Chepalungu,Sigor
,Kenya,Bomet,Chepalungu,Siongiroi
,Kenya,Bomet,Konoin,Boito
,Kenya,Bomet,Konoin,Chepchabas
,Kenya,Bomet,Konoin,Embomos
,Kenya,Bomet,Konoin,Kimulot
,Kenya,Bomet,Konoin,Mogogosiek
,Kenya,Bomet,Sotik,Chemagel
,Kenya,Bomet,Sotik,Kapletundo
,Kenya,Bomet,Sotik,Kipsonoi
,Kenya,Bomet,Sotik,Ndanai/Abosi
,Kenya,Bomet,Sotik,Rongena/Manaret
,Kenya,Bungoma,Bumula,Bumula
,Kenya,Bungoma,Bumula,Kabula
,Kenya,Bungoma,Bumula,Khasoko
,Kenya,Bungoma,Bumula,Kimaeti
,Kenya,Bungoma,Bumula,Siboti
,Kenya,Bungoma,Bumula,South Bukusu
,Kenya,Bungoma,Bumula,West Bukusu
,Kenya,Bungoma,Kabuchai,Bwake/Luuya
,Kenya,Bungoma,Kabuchai,Kabuchai/Chwele
,Kenya,Bungoma,Kabuchai,Mukuyuni
,Kenya,Bungoma,Kabuchai,West Nalondo
,Kenya,Bungoma,Kanduyi,Bukembe East
,Kenya,Bungoma,Kanduyi,Bukembe West
,Kenya,Bungoma,Kanduyi,East Sang'Alo
,Kenya,Bungoma,Kanduyi,Khalaba
,Kenya,Bungoma,Kanduyi,Marakaru/Tuuti
,Kenya,Bungoma,Kanduyi,Musikoma
,Kenya,Bungoma,Kanduyi,Township
,Kenya,Bungoma,Kanduyi,West Sang'Alo
,Kenya,Bungoma,Kimilili,Kamukuywa
,Kenya,Bungoma,Kimilili,Kibingei
,Kenya,Bungoma,Kimilili,Kimilili
,Kenya,Bungoma,Kimilili,Maeni
,Kenya,Bungoma,Likuyani,Kongoni
,Kenya,Bungoma,Likuyani,Likuyani
,Kenya,Bungoma,Likuyani,Nzoia
,Kenya,Bungoma,Likuyani,Sango
,Kenya,Bungoma,Likuyani,Sinoko
,Kenya,Bungoma,Lugari,Chekalini
,Kenya,Bungoma,Lugari,Lugari
,Kenya,Bungoma,Lugari,Lumakanda
,Kenya,Bungoma,Lugari,Mautuma
,Kenya,Bungoma,Mt. Elgon,Cheptais
,Kenya,Bungoma,Mt. Elgon,Chepyuk
,Kenya,Bungoma,Mt. Elgon,Chesikaki
,Kenya,Bungoma,Mt. Elgon,Elgon
,Kenya,Bungoma,Mt. Elgon,Kapkateny
,Kenya,Bungoma,Mt. Elgon,Kaptama
,Kenya,Bungoma,Sirisia,Lwandanyi
,Kenya,Bungoma,Sirisia,Malakisi/South Kulisiru
,Kenya,Bungoma,Sirisia,Namwela
,Kenya,Bungoma,Tongaren,Mbakalo
,Kenya,Bungoma,Tongaren,Milima
,Kenya,Bungoma,Tongaren,Naitiri/Kabuyefwe
,Kenya,Bungoma,Tongaren,Ndalu/ Tabani
,Kenya,Bungoma,Tongaren,Soysambu/ Mitua
,Kenya,Bungoma,Tongaren,Tongaren
,Kenya,Bungoma,Webute West,Bokoli
,Kenya,Bungoma,Webute West,Matulo
,Kenya,Bungoma,Webute West,Misikhu
,Kenya,Bungoma,Webute West,Sitikho
,Kenya,Bungoma,Webuye East,Maraka
,Kenya,Bungoma,Webuye East,Mihuu
,Kenya,Bungoma,Webuye East,Ndivisi
,Kenya,Busia,Budalangi,Bunyala Central
,Kenya,Busia,Budalangi,Bunyala North
,Kenya,Busia,Budalangi,Bunyala South
,Kenya,Busia,Budalangi,Bunyala West
,Kenya,Busia,Butula,Elugulu
,Kenya,Busia,Butula,Kingandole
,Kenya,Busia,Butula,Marachi Central
,Kenya,Busia,Butula,Marachi East
,Kenya,Busia,Butula,Marachi North
,Kenya,Busia,Butula,Marachi West
,Kenya,Busia,Funyula,Ageng'A Nanguba
,Kenya,Busia,Funyula,Bwiri
,Kenya,Busia,Funyula,Namboboto Nambuku
,Kenya,Busia,Funyula,Nangina
,Kenya,Busia,Matayos,Bukhayo West
,Kenya,Busia,Matayos,Burumba
,Kenya,Busia,Matayos,Busibwabo
,Kenya,Busia,Matayos,Matayos South
,Kenya,Busia,Matayos,Mayenje
,Kenya,Busia,Nambale,Bukhayo Central
,Kenya,Busia,Nambale,Bukhayo East
,Kenya,Busia,Nambale,Bukhayo North/Waltsi
,Kenya,Busia,Nambale,Nambale Township
,Kenya,Busia,Teso North,Ang'Urai East
,Kenya,Busia,Teso North,Ang'Urai North
,Kenya,Busia,Teso North,Ang'Urai South
,Kenya,Busia,Teso North,Malaba Central
,Kenya,Busia,Teso North,Malaba North
,Kenya,Busia,Teso North,Malaba South
,Kenya,Busia,Teso South,Amukura Central
,Kenya,Busia,Teso South,Amukura East
,Kenya,Busia,Teso South,Amukura West
,Kenya,Busia,Teso South,Ang'Orom
,Kenya,Busia,Teso South,Chakol North
,Kenya,Busia,Teso South,Chakol South
,Kenya,Elgeyo-Marakwet,Keiyo North,Emsoo
,Kenya,Elgeyo-Marakwet,Keiyo North,Kamariny
,Kenya,Elgeyo-Marakwet,Keiyo North,Kapchemutwa
,Kenya,Elgeyo-Marakwet,Keiyo North,Tambach
,Kenya,Elgeyo-Marakwet,Keiyo South,Chepkorio
,Kenya,Elgeyo-Marakwet,Keiyo South,Kabiemit
,Kenya,Elgeyo-Marakwet,Keiyo South,Kaptarakwa
,Kenya,Elgeyo-Marakwet,Keiyo South,Metkei
,Kenya,Elgeyo-Marakwet,Keiyo South,Soy North
,Kenya,Elgeyo-Marakwet,Keiyo South,Soy South
,Kenya,Elgeyo-Marakwet,Marakwet East,Endo
,Kenya,Elgeyo-Marakwet,Marakwet East,Kapyego
,Kenya,Elgeyo-Marakwet,Marakwet East,Sambirir
,Kenya,Elgeyo-Marakwet,Marakwet West,Arror
,Kenya,Elgeyo-Marakwet,Marakwet West,Cherang'Any/Chebororwa
,Kenya,Elgeyo-Marakwet,Marakwet West,Kapsowar
,Kenya,Elgeyo-Marakwet,Marakwet West,Moiben/Kuserwo
,Kenya,Elgeyo-Marakwet,Marakwet West,Sengwer
,Kenya,Embu,Manyatta,Gaturi North
,Kenya,Embu,Manyatta,Gaturi South
,Kenya,Embu,Manyatta,Kirimari
,Kenya,Embu,Manyatta,Kithimu
,Kenya,Embu,Manyatta,Mbeti North
,Kenya,Embu,Manyatta,Nginda
,Kenya,Embu,Manyatta,Ruguru/Ngandori
,Kenya,Embu,Mbeere North,Evurore
,Kenya,Embu,Mbeere North,Muminji
,Kenya,Embu,Mbeere North,Nthawa
,Kenya,Embu,Mbeere South,Kiambere
,Kenya,Embu,Mbeere South,Makima
,Kenya,Embu,Mbeere South,Mavuria
,Kenya,Embu,Mbeere South,Mbeti South
,Kenya,Embu,Mbeere South,Mwea
,Kenya,Embu,Runyenjes,Central  Ward
,Kenya,Embu,Runyenjes,Kagaari North
,Kenya,Embu,Runyenjes,Kagaari South
,Kenya,Embu,Runyenjes,Kyeni North
,Kenya,Embu,Runyenjes,Kyeni South
,Kenya,Garissa,Balambala,Balambala
,Kenya,Garissa,Balambala,Danyere
,Kenya,Garissa,Balambala,Jara Jara
,Kenya,Garissa,Balambala,Saka
,Kenya,Garissa,Balambala,Sankuri
,Kenya,Garissa,Daadab,Abakaile
,Kenya,Garissa,Daadab,Dadaab
,Kenya,Garissa,Daadab,Damajale
,Kenya,Garissa,Daadab,Dertu
,Kenya,Garissa,Daadab,Labasigale
,Kenya,Garissa,Daadab,Liboi
,Kenya,Garissa,Fafi,Bura
,Kenya,Garissa,Fafi,Dekaharia
,Kenya,Garissa,Fafi,Fafi
,Kenya,Garissa,Fafi,Jarajila
,Kenya,Garissa,Fafi,Nanighi
,Kenya,Garissa,Garissa Township,Galbet
,Kenya,Garissa,Garissa Township,Iftin
,Kenya,Garissa,Garissa Township,Township
,Kenya,Garissa,Garissa Township,Waberi
,Kenya,Garissa,Ijara,Hulugho
,Kenya,Garissa,Ijara,Ijara
,Kenya,Garissa,Ijara,Masalani
,Kenya,Garissa,Ijara,Sangailu
,Kenya,Garissa,Lagdera,Baraki
,Kenya,Garissa,Lagdera,Benane
,Kenya,Garissa,Lagdera,Goreale
,Kenya,Garissa,Lagdera,Maalimin
,Kenya,Garissa,Lagdera,Modogashe
,Kenya,Garissa,Lagdera,Sabena
,Kenya,Homa Bay,Homa Bay Town,Homa Bay Arujo
,Kenya,Homa Bay,Homa Bay Town,Homa Bay Central
,Kenya,Homa Bay,Homa Bay Town,Homa Bay East
,Kenya,Homa Bay,Homa Bay Town,Homa Bay West
,Kenya,Homa Bay,Kabondo Kasipul,Kabondo East
,Kenya,Homa Bay,Kabondo Kasipul,Kabondo West
,Kenya,Homa Bay,Kabondo Kasipul,Kojwach
,Kenya,Homa Bay,Kabondo Kasipul,Kokwanyo/Kakelo
,Kenya,Homa Bay,Karachuonyo,Central
,Kenya,Homa Bay,Karachuonyo,Kanyaluo
,Kenya,Homa Bay,Karachuonyo,Kendu Bay Town
,Kenya,Homa Bay,Karachuonyo,Kibiri
,Kenya,Homa Bay,Karachuonyo,North Karachuonyo
,Kenya,Homa Bay,Karachuonyo,Wangchieng
,Kenya,Homa Bay,Karachuonyo,West Karachuonyo
,Kenya,Homa Bay,Kasipul,Central Kasipul
,Kenya,Homa Bay,Kasipul,East Kamagak
,Kenya,Homa Bay,Kasipul,South Kasipul
,Kenya,Homa Bay,Kasipul,West Kamagak
,Kenya,Homa Bay,Kasipul,West Kasipul
,Kenya,Homa Bay,Mbita,Gembe
,Kenya,Homa Bay,Mbita,Kasgunga
,Kenya,Homa Bay,Mbita,Lambwe
,Kenya,Homa Bay,Mbita,Mfangano Island
,Kenya,Homa Bay,Mbita,Rusinga Island
,Kenya,Homa Bay,Ndhiwa,Kabuoch North
,Kenya,Homa Bay,Ndhiwa,Kabuoch South/Pala
,Kenya,Homa Bay,Ndhiwa,Kanyadoto
,Kenya,Homa Bay,Ndhiwa,Kanyamwa Kologi
,Kenya,Homa Bay,Ndhiwa,Kanyamwa Kosewe
,Kenya,Homa Bay,Ndhiwa,Kanyikela
,Kenya,Homa Bay,Ndhiwa,Kwabwai
,Kenya,Homa Bay,Rangwe,East Gem
,Kenya,Homa Bay,Rangwe,Kagan
,Kenya,Homa Bay,Rangwe,Kochia
,Kenya,Homa Bay,Rangwe,West Gem
,Kenya,Homa Bay,Suba,Gwassi North
,Kenya,Homa Bay,Suba,Gwassi South
,Kenya,Homa Bay,Suba,Kaksingri West
,Kenya,Homa Bay,Suba,Ruma-Kaksingri
,Kenya,Homa Bay,unknown 6,unknown 6
,Kenya,Isiolo,Isiolo North,Bulla Pesa
,Kenya,Isiolo,Isiolo North,Burat
,Kenya,Isiolo,Isiolo North,Chari
,Kenya,Isiolo,Isiolo North,Cherab
,Kenya,Isiolo,Isiolo North,Ngare Mara
,Kenya,Isiolo,Isiolo North,Oldo/Nyiro
,Kenya,Isiolo,Isiolo North,Wabera
,Kenya,Isiolo,Isiolo South,Garbatulla
,Kenya,Isiolo,Isiolo South,Kinna
,Kenya,Isiolo,Isiolo South,Sericho
,Kenya,Kajiado,Kajiado Central,Dalalekutuk
,Kenya,Kajiado,Kajiado Central,Ildamat
,Kenya,Kajiado,Kajiado Central,Matapato North
,Kenya,Kajiado,Kajiado Central,Matapato South
,Kenya,Kajiado,Kajiado Central,Purko
,Kenya,Kajiado,Kajiado East,Imaroro
,Kenya,Kajiado,Kajiado East,Kaputiei North
,Kenya,Kajiado,Kajiado East,Kenyawa-Poka
,Kenya,Kajiado,Kajiado East,Kitengela
,Kenya,Kajiado,Kajiado East,Oloosirkon/Sholinke
,Kenya,Kajiado,Kajiado North,Ngong
,Kenya,Kajiado,Kajiado North,Nkaimurunya
,Kenya,Kajiado,Kajiado North,Olkeri
,Kenya,Kajiado,Kajiado North,Oloolua
,Kenya,Kajiado,Kajiado North,Ongata Rongai
,Kenya,Kajiado,Kajiado South,Entonet/Lenkisim
,Kenya,Kajiado,Kajiado South,Kimana
,Kenya,Kajiado,Kajiado South,Kuku
,Kenya,Kajiado,Kajiado South,Mbirikani/Eselenkei
,Kenya,Kajiado,Kajiado South,Rombo
,Kenya,Kajiado,Kajiado West,Ewuaso Oonkidong'I
,Kenya,Kajiado,Kajiado West,Iloodokilani
,Kenya,Kajiado,Kajiado West,Keekonyokie
,Kenya,Kajiado,Kajiado West,Magadi
,Kenya,Kajiado,Kajiado West,Mosiro
,Kenya,Kakamega,Butere,Marama Central
,Kenya,Kakamega,Butere,Marama North
,Kenya,Kakamega,Butere,Marama South
,Kenya,Kakamega,Butere,Marama West
,Kenya,Kakamega,Butere,Marenyo - Shianda
,Kenya,Kakamega,Ikolomani,Idakho Central
,Kenya,Kakamega,Ikolomani,Idakho East
,Kenya,Kakamega,Ikolomani,Idakho North
,Kenya,Kakamega,Ikolomani,Idakho South
,Kenya,Kakamega,Khwisero,Kisa Central
,Kenya,Kakamega,Khwisero,Kisa East
,Kenya,Kakamega,Khwisero,Kisa North
,Kenya,Kakamega,Khwisero,Kisa West
,Kenya,Kakamega,Lugari,Chevaywa
,Kenya,Kakamega,Lugari,Lwandeti
,Kenya,Kakamega,Lurambi,Butsotso Central
,Kenya,Kakamega,Lurambi,Butsotso East
,Kenya,Kakamega,Lurambi,Butsotso South
,Kenya,Kakamega,Lurambi,Mahiakalo
,Kenya,Kakamega,Lurambi,Sheywe
,Kenya,Kakamega,Lurambi,Shirere
,Kenya,Kakamega,Malava,Butali/Chegulo
,Kenya,Kakamega,Malava,Chemuche
,Kenya,Kakamega,Malava,East Kabras
,Kenya,Kakamega,Malava,Manda-Shivanga
,Kenya,Kakamega,Malava,Shirugu-Mugai
,Kenya,Kakamega,Malava,South Kabras
,Kenya,Kakamega,Malava,West Kabras
,Kenya,Kakamega,Matungu,Khalaba
,Kenya,Kakamega,Matungu,Kholera
,Kenya,Kakamega,Matungu,Koyonzo
,Kenya,Kakamega,Matungu,Mayoni
,Kenya,Kakamega,Matungu,Namamali
,Kenya,Kakamega,Mumias East,East Wanga
,Kenya,Kakamega,Mumias East,Lusheya/Lubinu
,Kenya,Kakamega,Mumias East,Malaha/Isongo/Makunga
,Kenya,Kakamega,Mumias West,Etenje
,Kenya,Kakamega,Mumias West,Mumias Central
,Kenya,Kakamega,Mumias West,Mumias North
,Kenya,Kakamega,Mumias West,Musanda
,Kenya,Kakamega,Navakholo,Bunyala Central
,Kenya,Kakamega,Navakholo,Bunyala East
,Kenya,Kakamega,Navakholo,Bunyala West
,Kenya,Kakamega,Navakholo,Ingostse-Mathia
,Kenya,Kakamega,Navakholo,Shinoyi-Shikomari-Esumeyia
,Kenya,Kakamega,Shinyalu,Isukha Central
,Kenya,Kakamega,Shinyalu,Isukha East
,Kenya,Kakamega,Shinyalu,Isukha North
,Kenya,Kakamega,Shinyalu,Isukha South
,Kenya,Kakamega,Shinyalu,Isukha West
,Kenya,Kakamega,Shinyalu,Murhanda
,Kenya,Kericho,Ainamoi,Ainamoi
,Kenya,Kericho,Ainamoi,Kapkugerwet
,Kenya,Kericho,Ainamoi,Kapsaos
,Kenya,Kericho,Ainamoi,Kapsoit
,Kenya,Kericho,Ainamoi,Kipchebor
,Kenya,Kericho,Ainamoi,Kipchimchim
,Kenya,Kericho,Belgut,Chaik
,Kenya,Kericho,Belgut,Cheptororiet/Seretut
,Kenya,Kericho,Belgut,Kabianga
,Kenya,Kericho,Belgut,Kapsuser
,Kenya,Kericho,Belgut,Waldai
,Kenya,Kericho,Bureti,Cheboin
,Kenya,Kericho,Bureti,Chemosot
,Kenya,Kericho,Bureti,Cheplanget
,Kenya,Kericho,Bureti,Kapkatet
,Kenya,Kericho,Bureti,Kisiara
,Kenya,Kericho,Bureti,Litein
,Kenya,Kericho,Bureti,Tebesonik
,Kenya,Kericho,Kipkelion East,Chepseon
,Kenya,Kericho,Kipkelion East,Kedowa/Kimugul
,Kenya,Kericho,Kipkelion East,Londiani
,Kenya,Kericho,Kipkelion East,Tendeno/Sorget
,Kenya,Kericho,Kipkelion West,Chilchila
,Kenya,Kericho,Kipkelion West,Kamasian
,Kenya,Kericho,Kipkelion West,Kipkelion
,Kenya,Kericho,Kipkelion West,Kunyak
,Kenya,Kericho,Sigowet/Soin,Kaplelartet
,Kenya,Kericho,Sigowet/Soin,Sigowet
,Kenya,Kericho,Sigowet/Soin,Soin
,Kenya,Kericho,Sigowet/Soin,Soliat
,Kenya,Kiambu,Gatundu North,Chania
,Kenya,Kiambu,Gatundu North,Githobokoni
,Kenya,Kiambu,Gatundu North,Gituamba
,Kenya,Kiambu,Gatundu North,Mang'U
,Kenya,Kiambu,Gatundu South,Kiamwangi
,Kenya,Kiambu,Gatundu South,Kiganjo
,Kenya,Kiambu,Gatundu South,Ndarugu
,Kenya,Kiambu,Gatundu South,Ngenda
,Kenya,Kiambu,Githunguri,Githiga
,Kenya,Kiambu,Githunguri,Githunguri
,Kenya,Kiambu,Githunguri,Ikinu
,Kenya,Kiambu,Githunguri,Komothai
,Kenya,Kiambu,Githunguri,Ngewa
,Kenya,Kiambu,Juja,Juja
,Kenya,Kiambu,Juja,Kalimoni
,Kenya,Kiambu,Juja,Murera
,Kenya,Kiambu,Juja,Theta
,Kenya,Kiambu,Juja,Witeithie
,Kenya,Kiambu,Kabete,Gitaru
,Kenya,Kiambu,Kabete,Kabete
,Kenya,Kiambu,Kabete,Muguga
,Kenya,Kiambu,Kabete,Nyadhuna
,Kenya,Kiambu,Kabete,Uthiru
,Kenya,Kiambu,Kiambaa,Cianda
,Kenya,Kiambu,Kiambaa,Karuri
,Kenya,Kiambu,Kiambaa,Kihara
,Kenya,Kiambu,Kiambaa,Muchatha
,Kenya,Kiambu,Kiambaa,Ndenderu
,Kenya,Kiambu,Kiambu,Ndumberi
,Kenya,Kiambu,Kiambu,Riabai
,Kenya,Kiambu,Kiambu,Ting'Ang'A
,Kenya,Kiambu,Kiambu,Township
,Kenya,Kiambu,Kikuyu,Karai
,Kenya,Kiambu,Kikuyu,Kikuyu
,Kenya,Kiambu,Kikuyu,Kinoo
,Kenya,Kiambu,Kikuyu,Nachu
,Kenya,Kiambu,Kikuyu,Sigona
,Kenya,Kiambu,Lari,Kamburu
,Kenya,Kiambu,Lari,Kijabe
,Kenya,Kiambu,Lari,Kinale
,Kenya,Kiambu,Lari,Lari/Kirenga
,Kenya,Kiambu,Lari,Nyanduma
,Kenya,Kiambu,Limuru,Bibirioni
,Kenya,Kiambu,Limuru,Limuru Central
,Kenya,Kiambu,Limuru,Limuru East
,Kenya,Kiambu,Limuru,Ndeiya
,Kenya,Kiambu,Limuru,Ngecha Tigoni
,Kenya,Kiambu,Ruiru,Biashara
,Kenya,Kiambu,Ruiru,Gitothua
,Kenya,Kiambu,Ruiru,Kiuu
,Kenya,Kiambu,Thika Town,Gatuanyaga
,Kenya,Kiambu,Thika Town,Hospital
,Kenya,Kiambu,Thika Town,Kamenu
,Kenya,Kiambu,Thika Town,Ngoliba
,Kenya,Kiambu,Thika Town,Township
,Kenya,Kilifi,Ganze,Bamba
,Kenya,Kilifi,Ganze,Ganze
,Kenya,Kilifi,Ganze,Jaribuni
,Kenya,Kilifi,Ganze,Sokoke
,Kenya,Kilifi,Kaloleni,Kaloleni
,Kenya,Kilifi,Kaloleni,Kayafungo
,Kenya,Kilifi,Kaloleni,Mariakani
,Kenya,Kilifi,Kaloleni,Mwanamwinga
,Kenya,Kilifi,Kilifi North,Dabaso
,Kenya,Kilifi,Kilifi North,Kibarani
,Kenya,Kilifi,Kilifi North,Matsangoni
,Kenya,Kilifi,Kilifi North,Mnarani
,Kenya,Kilifi,Kilifi North,Sokoni
,Kenya,Kilifi,Kilifi North,Tezo
,Kenya,Kilifi,Kilifi North,Watamu
,Kenya,Kilifi,Kilifi South,Chasimba
,Kenya,Kilifi,Kilifi South,Junju
,Kenya,Kilifi,Kilifi South,Mtepeni
,Kenya,Kilifi,Kilifi South,Mwarakaya
,Kenya,Kilifi,Kilifi South,Shimo La Tewa
,Kenya,Kilifi,Magarini,Adu
,Kenya,Kilifi,Magarini,Garashi
,Kenya,Kilifi,Magarini,Gongoni
,Kenya,Kilifi,Magarini,Magarini
,Kenya,Kilifi,Magarini,Marafa
,Kenya,Kilifi,Malindi,Ganda
,Kenya,Kilifi,Malindi,Jilore
,Kenya,Kilifi,Malindi,Kakuyuni
,Kenya,Kilifi,Malindi,Malindi Town
,Kenya,Kilifi,Malindi,Sabaki
,Kenya,Kilifi,Malindi,Shella
,Kenya,Kilifi,Rabai,Kambe/Ribe
,Kenya,Kilifi,Rabai,Mwawesa
,Kenya,Kilifi,Rabai,Rabai/Kisurutini
,Kenya,Kilifi,Rabai,Ruruma
,Kenya,Kirinyaga,Gichugu,Baragwi
,Kenya,Kirinyaga,Gichugu,Kabare
,Kenya,Kirinyaga,Gichugu,Karumandi
,Kenya,Kirinyaga,Gichugu,Ngariama
,Kenya,Kirinyaga,Gichugu,Njukiini
,Kenya,Kirinyaga,Kirinyaga Central,Inoi
,Kenya,Kirinyaga,Kirinyaga Central,Kanyekini
,Kenya,Kirinyaga,Kirinyaga Central,Kerugoya
,Kenya,Kirinyaga,Kirinyaga Central,Mutira
,Kenya,Kirinyaga,Mwea,Gathigiriri
,Kenya,Kirinyaga,Mwea,Kangai
,Kenya,Kirinyaga,Mwea,Murinduko
,Kenya,Kirinyaga,Mwea,Mutithi
,Kenya,Kirinyaga,Mwea,Nyangati
,Kenya,Kirinyaga,Mwea,Tebere
,Kenya,Kirinyaga,Mwea,Thiba
,Kenya,Kirinyaga,Mwea,Wamumu
,Kenya,Kirinyaga,Ndia,Kariti
,Kenya,Kirinyaga,Ndia,Kiine
,Kenya,Kirinyaga,Ndia,Mukure
,Kenya,Kisii,Bobasi,Basi Bogetaorio
,Kenya,Kisii,Bobasi,Basi Central
,Kenya,Kisii,Bobasi,Bobasi Boitangare
,Kenya,Kisii,Bobasi,Bobasi Chache
,Kenya,Kisii,Bobasi,Masige East
,Kenya,Kisii,Bobasi,Masige West
,Kenya,Kisii,Bobasi,Nyacheki
,Kenya,Kisii,Bobasi,Sameta/Mokwerero
,Kenya,Kisii,Bomachoge Borabu,Bokimonge
,Kenya,Kisii,Bomachoge Borabu,Bombaba Borabu
,Kenya,Kisii,Bomachoge Borabu,Boochi Borabu
,Kenya,Kisii,Bomachoge Borabu,Magenche
,Kenya,Kisii,Bomachoge Chache,Boochi/Tendere
,Kenya,Kisii,Bomachoge Chache,Bosoti/Sengera
,Kenya,Kisii,Bomachoge Chache,Majoge Basi
,Kenya,Kisii,Bonchari,Bogiakumu
,Kenya,Kisii,Bonchari,Bomariba
,Kenya,Kisii,Bonchari,Bomorenda
,Kenya,Kisii,Bonchari,Riana
,Kenya,Kisii,Kitutu Chache North,Kegogi
,Kenya,Kisii,Kitutu Chache North,Marani
,Kenya,Kisii,Kitutu Chache North,Monyerero
,Kenya,Kisii,Kitutu Chache North,Sensi
,Kenya,Kisii,Kitutu Chache South,Bogeka
,Kenya,Kisii,Kitutu Chache South,Bogusero
,Kenya,Kisii,Kitutu Chache South,Kitutu   Central
,Kenya,Kisii,Kitutu Chache South,Nyakoe
,Kenya,Kisii,Kitutu Chache South,Nyatieko
,Kenya,Kisii,Nyaribari Chache,Birongo
,Kenya,Kisii,Nyaribari Chache,Bobaracho
,Kenya,Kisii,Nyaribari Chache,Ibeno
,Kenya,Kisii,Nyaribari Chache,Keumbu
,Kenya,Kisii,Nyaribari Chache,Kiogoro
,Kenya,Kisii,Nyaribari Chache,Kisii Central
,Kenya,Kisii,Nyaribari Masaba,Gesusu
,Kenya,Kisii,Nyaribari Masaba,Ichuni
,Kenya,Kisii,Nyaribari Masaba,Kiamokama
,Kenya,Kisii,Nyaribari Masaba,Masimba
,Kenya,Kisii,Nyaribari Masaba,Nyamasibi
,Kenya,Kisii,South Mugirango,Bogetenga
,Kenya,Kisii,South Mugirango,Boikang'A
,Kenya,Kisii,South Mugirango,Borabu / Chitago
,Kenya,Kisii,South Mugirango,Getenga
,Kenya,Kisii,South Mugirango,Moticho
,Kenya,Kisii,South Mugirango,Tabaka
,Kenya,Kisumu,Kisumu Central,Kondele
,Kenya,Kisumu,Kisumu Central,Market Milimani
,Kenya,Kisumu,Kisumu Central,Migosi
,Kenya,Kisumu,Kisumu Central,Nyalenda 'A'
,Kenya,Kisumu,Kisumu Central,Nyalenda B
,Kenya,Kisumu,Kisumu Central,Railways
,Kenya,Kisumu,Kisumu Central,Shaurimoyo Kaloleni
,Kenya,Kisumu,Kisumu East,Kajulu
,Kenya,Kisumu,Kisumu East,Kolwa Central
,Kenya,Kisumu,Kisumu East,Kolwa East
,Kenya,Kisumu,Kisumu East,Manyatta 'B'
,Kenya,Kisumu,Kisumu West,Central Kisumu
,Kenya,Kisumu,Kisumu West,Kisumu North
,Kenya,Kisumu,Kisumu West,North West Kisumu
,Kenya,Kisumu,Kisumu West,South West Kisumu
,Kenya,Kisumu,Kisumu West,West Kisumu
,Kenya,Kisumu,Muhoroni,Chemelil
,Kenya,Kisumu,Muhoroni,Masogo/Nyang'Oma
,Kenya,Kisumu,Muhoroni,Miwani
,Kenya,Kisumu,Muhoroni,Muhoroni/Koru
,Kenya,Kisumu,Muhoroni,Ombeyi
,Kenya,Kisumu,Nyakach,Central Nyakach
,Kenya,Kisumu,Nyakach,North Nyakach
,Kenya,Kisumu,Nyakach,South East Nyakach
,Kenya,Kisumu,Nyakach,South West Nyakach
,Kenya,Kisumu,Nyakach,West Nyakach
,Kenya,Kisumu,Nyando,Ahero
,Kenya,Kisumu,Nyando,Awasi/Onjiko
,Kenya,Kisumu,Nyando,East Kano/Wawidhi
,Kenya,Kisumu,Nyando,Kabonyo/Kanyagwal
,Kenya,Kisumu,Nyando,Kobura
,Kenya,Kisumu,Seme,Central Seme
,Kenya,Kisumu,Seme,East Seme
,Kenya,Kisumu,Seme,North Seme
,Kenya,Kisumu,Seme,West Seme
,Kenya,Kitui,Kitui Central,Kyangwithya East
,Kenya,Kitui,Kitui Central,Kyangwithya West
,Kenya,Kitui,Kitui Central,Miambani
,Kenya,Kitui,Kitui Central,Township
,Kenya,Kitui,Kitui East,Chuluni
,Kenya,Kitui,Kitui East,Endau/Malalani
,Kenya,Kitui,Kitui East,Mutito/Kaliku
,Kenya,Kitui,Kitui East,Nzambani
,Kenya,Kitui,Kitui East,Voo/Kyamatu
,Kenya,Kitui,Kitui East,Zombe/Mwitika
,Kenya,Kitui,Kitui Rural,Kanyangi
,Kenya,Kitui,Kitui Rural,Kisasi
,Kenya,Kitui,Kitui Rural,Kwavonza/Yatta
,Kenya,Kitui,Kitui Rural,Mbitini
,Kenya,Kitui,Kitui Rural,Mulango
,Kenya,Kitui,Kitui South,Athi
,Kenya,Kitui,Kitui South,Ikanga/Kyatune
,Kenya,Kitui,Kitui South,Ikutha
,Kenya,Kitui,Kitui South,Kanziko
,Kenya,Kitui,Kitui South,Mutha
,Kenya,Kitui,Kitui South,Mutomo
,Kenya,Kitui,Kitui West,Kauwi
,Kenya,Kitui,Kitui West,Kwa Mutonga/Kithumula
,Kenya,Kitui,Kitui West,Matinyani
,Kenya,Kitui,Kitui West,Mutonguni
,Kenya,Kitui,Mwingi Central,Central
,Kenya,Kitui,Mwingi Central,Kiomo/Kyethani
,Kenya,Kitui,Mwingi Central,Kivou
,Kenya,Kitui,Mwingi Central,Mui
,Kenya,Kitui,Mwingi Central,Nguni
,Kenya,Kitui,Mwingi Central,Nuu
,Kenya,Kitui,Mwingi Central,Waita
,Kenya,Kitui,Mwingi North,Kyuso
,Kenya,Kitui,Mwingi North,Mumoni
,Kenya,Kitui,Mwingi North,Ngomeni
,Kenya,Kitui,Mwingi North,Tharaka
,Kenya,Kitui,Mwingi North,Tseikuru
,Kenya,Kitui,Mwingi West,Kyome/Thaana
,Kenya,Kitui,Mwingi West,Migwani
,Kenya,Kitui,Mwingi West,Nguutani
,Kenya,Kwale,Kinango,Chengoni/Samburu
,Kenya,Kwale,Kinango,Kinango
,Kenya,Kwale,Kinango,Mackinnon Road
,Kenya,Kwale,Kinango,Mwavumbo
,Kenya,Kwale,Kinango,Ndavaya
,Kenya,Kwale,Kinango,Puma
,Kenya,Kwale,Lungalunga,Dzombo
,Kenya,Kwale,Lungalunga,Mwereni
,Kenya,Kwale,Lungalunga,Pongwe/Kikoneni
,Kenya,Kwale,Lungalunga,Vanga
,Kenya,Kwale,Matuga,Kubo South
,Kenya,Kwale,Matuga,Mkongani
,Kenya,Kwale,Matuga,Tiwi
,Kenya,Kwale,Matuga,Tsimba Golini
,Kenya,Kwale,Matuga,Waa
,Kenya,Kwale,Msambweni,Gombato Bongwe
,Kenya,Kwale,Msambweni,Kinondo
,Kenya,Kwale,Msambweni,Ramisi
,Kenya,Kwale,Msambweni,Ukunda
,Kenya,Laikipia,Laikipia East,Nanyuki
,Kenya,Laikipia,Laikipia East,Ngobit
,Kenya,Laikipia,Laikipia East,Thingithu
,Kenya,Laikipia,Laikipia East,Tigithi
,Kenya,Laikipia,Laikipia North,Mugogodo East
,Kenya,Laikipia,Laikipia North,Mugogodo West
,Kenya,Laikipia,Laikipia North,Segera
,Kenya,Laikipia,Laikipia North,Sosian
,Kenya,Laikipia,Laikipia North,Umande
,Kenya,Laikipia,Laikipia West,Githiga
,Kenya,Laikipia,Laikipia West,Igwamiti
,Kenya,Laikipia,Laikipia West,Marmanet
,Kenya,Laikipia,Laikipia West,Ol-Moran
,Kenya,Laikipia,Laikipia West,Rumuruti Township
,Kenya,Laikipia,Laikipia West,Salama
,Kenya,Lamu,Lamu East,Basuba
,Kenya,Lamu,Lamu East,Faza
,Kenya,Lamu,Lamu East,Kiunga
,Kenya,Lamu,Lamu West,Bahari
,Kenya,Lamu,Lamu West,Hindi
,Kenya,Lamu,Lamu West,Hongwe
,Kenya,Lamu,Lamu West,Mkomani
,Kenya,Lamu,Lamu West,Mkunumbi
,Kenya,Lamu,Lamu West,Shella
,Kenya,Lamu,Lamu West,Witu
,Kenya,Machakos,Kangundo,Kangundo Central
,Kenya,Machakos,Kangundo,Kangundo East
,Kenya,Machakos,Kangundo,Kangundo North
,Kenya,Machakos,Kangundo,Kangundo West
,Kenya,Machakos,Kathiani,Kathiani Central
,Kenya,Machakos,Kathiani,Lower Kaewa/Kaani
,Kenya,Machakos,Kathiani,Mitaboni
,Kenya,Machakos,Kathiani,Upper Kaewa/Iveti
,Kenya,Machakos,Machakos Town,Kalama
,Kenya,Machakos,Machakos Town,Kola
,Kenya,Machakos,Machakos Town,Machakos Central
,Kenya,Machakos,Machakos Town,Mua
,Kenya,Machakos,Machakos Town,Mumbuni North
,Kenya,Machakos,Machakos Town,Mutituni
,Kenya,Machakos,Machakos Town,Muvuti/Kiima-Kimwe
,Kenya,Machakos,Masinga,Ekalakala
,Kenya,Machakos,Masinga,Kivaa
,Kenya,Machakos,Masinga,Masinga Central
,Kenya,Machakos,Masinga,Muthesya
,Kenya,Machakos,Masinga,Ndithini
,Kenya,Machakos,Matungulu,Kyeleni
,Kenya,Machakos,Matungulu,Matungulu East
,Kenya,Machakos,Matungulu,Matungulu North
,Kenya,Machakos,Matungulu,Matungulu West
,Kenya,Machakos,Matungulu,Tala
,Kenya,Machakos,Mavoko,Athi River
,Kenya,Machakos,Mavoko,Kinanie
,Kenya,Machakos,Mavoko,Muthwani
,Kenya,Machakos,Mavoko,Syokimau/Mulolongo
,Kenya,Machakos,Mwala,Kibauni
,Kenya,Machakos,Mwala,Makutano/ Mwala
,Kenya,Machakos,Mwala,Masii
,Kenya,Machakos,Mwala,Mbiuni
,Kenya,Machakos,Mwala,Muthetheni
,Kenya,Machakos,Mwala,Wamunyu
,Kenya,Machakos,unknown 7,unknown 7
,Kenya,Machakos,Yatta,Ikombe
,Kenya,Machakos,Yatta,Katangi
,Kenya,Machakos,Yatta,Kithimani
,Kenya,Machakos,Yatta,Matuu
,Kenya,Machakos,Yatta,Ndalani
,Kenya,Makueni,Kaiti,Ilima
,Kenya,Makueni,Kaiti,Kee
,Kenya,Makueni,Kaiti,Kilungu
,Kenya,Makueni,Kaiti,Ukia
,Kenya,Makueni,Kibwezi East,Ivingoni/Nzambani
,Kenya,Makueni,Kibwezi East,Masongaleni
,Kenya,Makueni,Kibwezi East,Mtito Andei
,Kenya,Makueni,Kibwezi East,Thange
,Kenya,Makueni,Kibwezi West,Emali/Mulala
,Kenya,Makueni,Kibwezi West,Kikumbulyu North
,Kenya,Makueni,Kibwezi West,Kikumbulyu South
,Kenya,Makueni,Kibwezi West,Makindu
,Kenya,Makueni,Kibwezi West,Nguu/Masumba
,Kenya,Makueni,Kibwezi West,Nguumo
,Kenya,Makueni,Kilome,Kasikeu
,Kenya,Makueni,Kilome,Kiima Kiu/Kalanzoni
,Kenya,Makueni,Kilome,Mukaa
,Kenya,Makueni,Makueni,Kathonzweni
,Kenya,Makueni,Makueni,Kitise/Kithuki
,Kenya,Makueni,Makueni,Mavindini
,Kenya,Makueni,Makueni,Mbitini
,Kenya,Makueni,Makueni,Muvau/Kikuumini
,Kenya,Makueni,Makueni,Nzaui/Kilili/Kalamba
,Kenya,Makueni,Makueni,Wote
,Kenya,Makueni,Mbooni,Kalawa
,Kenya,Makueni,Mbooni,Kiteta/Kisau
,Kenya,Makueni,Mbooni,Kithungo/Kitundu
,Kenya,Makueni,Mbooni,Mbooni
,Kenya,Makueni,Mbooni,Tulimani
,Kenya,Makueni,Mbooni,Waia-Kako
,Kenya,Mandera,Banissa,Banissa
,Kenya,Mandera,Banissa,Derkhale
,Kenya,Mandera,Banissa,Guba
,Kenya,Mandera,Banissa,Kiliwehiri
,Kenya,Mandera,Banissa,Malkamari
,Kenya,Mandera,Lafey,Alango Gof
,Kenya,Mandera,Lafey,Lafey
,Kenya,Mandera,Lafey,Libehia
,Kenya,Mandera,Lafey,Waranqara
,Kenya,Mandera,Mandera East,Arabia
,Kenya,Mandera,Mandera East,Bulla Mpya
,Kenya,Mandera,Mandera East,Fino
,Kenya,Mandera,Mandera East,Khalalio
,Kenya,Mandera,Mandera East,Neboi
,Kenya,Mandera,Mandera East,Township
,Kenya,Mandera,Mandera North,Ashabito
,Kenya,Mandera,Mandera North,Guticha
,Kenya,Mandera,Mandera North,Morothile
,Kenya,Mandera,Mandera North,Rhamu
,Kenya,Mandera,Mandera North,Rhamu-Dimtu
,Kenya,Mandera,Mandera South,Elwak South
,Kenya,Mandera,Mandera South,Kutulo
,Kenya,Mandera,Mandera South,Shimbir Fatuma
,Kenya,Mandera,Mandera South,Wargadud
,Kenya,Mandera,Mandera West,Dandu
,Kenya,Mandera,Mandera West,Gither
,Kenya,Mandera,Mandera West,Lagsure
,Kenya,Mandera,Mandera West,Takaba
,Kenya,Mandera,Mandera West,Takaba South
,Kenya,Mandera,unknown 1,unknown 1
,Kenya,Marsabit,Laisamis,Kargi/South Horr
,Kenya,Marsabit,Laisamis,Korr/Ngurunit
,Kenya,Marsabit,Laisamis,Laisamis
,Kenya,Marsabit,Laisamis,Logo Logo
,Kenya,Marsabit,Laisamis,Loiyangalani
,Kenya,Marsabit,Moyale,Butiye
,Kenya,Marsabit,Moyale,Golbo
,Kenya,Marsabit,Moyale,Heillu/Manyatta
,Kenya,Marsabit,Moyale,Moyale Township
,Kenya,Marsabit,Moyale,Obbu
,Kenya,Marsabit,Moyale,Sololo
,Kenya,Marsabit,Moyale,Uran
,Kenya,Marsabit,North Horr,Dukana
,Kenya,Marsabit,North Horr,Illeret
,Kenya,Marsabit,North Horr,Maikona
,Kenya,Marsabit,North Horr,North Horr
,Kenya,Marsabit,North Horr,Turbi
,Kenya,Marsabit,Saku,Karare
,Kenya,Marsabit,Saku,Marsabit Central
,Kenya,Marsabit,Saku,Sagante/Jaldesa
,Kenya,Meru,Buuri,Kiagu
,Kenya,Meru,Buuri,Kibirichia
,Kenya,Meru,Buuri,Kiirua/Naari
,Kenya,Meru,Buuri,Kisima
,Kenya,Meru,Buuri,Ruiri/Rwarera
,Kenya,Meru,Buuri,Timau
,Kenya,Meru,Central Imenti,Abothuguchi Central
,Kenya,Meru,Central Imenti,Abothuguchi West
,Kenya,Meru,Central Imenti,Mwanganthia
,Kenya,Meru,Igembe Central,Akirang'Ondu
,Kenya,Meru,Igembe Central,Athiru Ruujine
,Kenya,Meru,Igembe Central,Igembe East
,Kenya,Meru,Igembe Central,Kangeta
,Kenya,Meru,Igembe Central,Njia
,Kenya,Meru,Igembe North,Amwathi
,Kenya,Meru,Igembe North,Antuambui
,Kenya,Meru,Igembe North,Antubetwe Kiongo
,Kenya,Meru,Igembe North,Naathu
,Kenya,Meru,Igembe North,Ntunene
,Kenya,Meru,Igembe South,Akachiu
,Kenya,Meru,Igembe South,Athiru Gaiti
,Kenya,Meru,Igembe South,Kanuni
,Kenya,Meru,Igembe South,Kiegoi/Antubochiu
,Kenya,Meru,Igembe South,Maua
,Kenya,Meru,North Imenti,Municipality
,Kenya,Meru,North Imenti,Ntima East
,Kenya,Meru,North Imenti,Ntima West
,Kenya,Meru,North Imenti,Nyaki East
,Kenya,Meru,North Imenti,Nyaki West
,Kenya,Meru,South Imenti,Abogeta East
,Kenya,Meru,South Imenti,Abogeta West
,Kenya,Meru,South Imenti,Igoji East
,Kenya,Meru,South Imenti,Igoji West
,Kenya,Meru,South Imenti,Mitunguu
,Kenya,Meru,South Imenti,Nkuene
,Kenya,Meru,Tigania East,Karama
,Kenya,Meru,Tigania East,Kiguchwa
,Kenya,Meru,Tigania East,Mikinduri
,Kenya,Meru,Tigania East,Muthara
,Kenya,Meru,Tigania East,Thangatha
,Kenya,Meru,Tigania West,Akithii
,Kenya,Meru,Tigania West,Athwana
,Kenya,Meru,Tigania West,Kianjai
,Kenya,Meru,Tigania West,Mbeu
,Kenya,Meru,Tigania West,Nkomo
,Kenya,Meru,unknown 5,unknown 5
,Kenya,Migori,Awendo,Central Sakwa
,Kenya,Migori,Awendo,North Sakwa
,Kenya,Migori,Awendo,South Sakwa
,Kenya,Migori,Awendo,West Sakwa
,Kenya,Migori,Kuria East,Gokeharaka/Getambwega
,Kenya,Migori,Kuria East,Ntimaru East
,Kenya,Migori,Kuria East,Ntimaru West
,Kenya,Migori,Kuria East,Nyabasi East
,Kenya,Migori,Kuria East,Nyabasi West
,Kenya,Migori,Kuria West,Bukira Centrl/Ikerege
,Kenya,Migori,Kuria West,Bukira East
,Kenya,Migori,Kuria West,Isibania
,Kenya,Migori,Kuria West,Makerero
,Kenya,Migori,Kuria West,Masaba
,Kenya,Migori,Kuria West,Nyamosense/Komosoko
,Kenya,Migori,Kuria West,Tagare
,Kenya,Migori,Nyatike,Got Kachola
,Kenya,Migori,Nyatike,Kachien'G
,Kenya,Migori,Nyatike,Kaler
,Kenya,Migori,Nyatike,Kanyasa
,Kenya,Migori,Nyatike,Macalder/Kanyarwanda
,Kenya,Migori,Nyatike,Muhuru
,Kenya,Migori,Nyatike,North Kadem
,Kenya,Migori,Rongo,Central Kamagambo
,Kenya,Migori,Rongo,East Kamagambo
,Kenya,Migori,Rongo,North Kamagambo
,Kenya,Migori,Rongo,South Kamagambo
,Kenya,Migori,Suna East,God Jope
,Kenya,Migori,Suna East,Kakrao
,Kenya,Migori,Suna East,Kwa
,Kenya,Migori,Suna East,Suna Central
,Kenya,Migori,Suna West,Ragana-Oruba
,Kenya,Migori,Suna West,Wasimbete
,Kenya,Migori,Suna West,Wasweta Ii
,Kenya,Migori,Suna West,Wiga
,Kenya,Migori,Uriri,Central Kanyamkago
,Kenya,Migori,Uriri,East Kanyamkago
,Kenya,Migori,Uriri,North Kanyamkago
,Kenya,Migori,Uriri,South Kanyamkago
,Kenya,Migori,Uriri,West Kanyamkago
,Kenya,Mombasa,Changamwe,Airport
,Kenya,Mombasa,Changamwe,Chaani
,Kenya,Mombasa,Changamwe,Changamwe
,Kenya,Mombasa,Changamwe,Kipevu
,Kenya,Mombasa,Changamwe,Port Reitz
,Kenya,Mombasa,Jomvu,Jomvu Kuu
,Kenya,Mombasa,Jomvu,Mikindani
,Kenya,Mombasa,Jomvu,Miritini
,Kenya,Mombasa,Kisauni,Bamburi
,Kenya,Mombasa,Kisauni,Junda
,Kenya,Mombasa,Kisauni,Magogoni
,Kenya,Mombasa,Kisauni,Mjambere
,Kenya,Mombasa,Kisauni,Mtopanga
,Kenya,Mombasa,Kisauni,Mwakirunge
,Kenya,Mombasa,Kisauni,Shanzu
,Kenya,Mombasa,Likoni,Bofu
,Kenya,Mombasa,Likoni,Likoni
,Kenya,Mombasa,Likoni,Mtongwe
,Kenya,Mombasa,Likoni,Shika Adabu
,Kenya,Mombasa,Likoni,Timbwani
,Kenya,Mombasa,Mvita,Majengo
,Kenya,Mombasa,Mvita,Mji Wa Kale/Makadara
,Kenya,Mombasa,Mvita,Shimanzi/Ganjoni
,Kenya,Mombasa,Mvita,Tononoka
,Kenya,Mombasa,Mvita,Tudor
,Kenya,Mombasa,Nyali,Frere Town
,Kenya,Mombasa,Nyali,Kadzandani
,Kenya,Mombasa,Nyali,Kongowea
,Kenya,Mombasa,Nyali,Mkomani
,Kenya,Mombasa,Nyali,Ziwa La Ng'Ombe
,Kenya,Murang'a,Gatanga,Gatanga
,Kenya,Murang'a,Gatanga,Ithanga
,Kenya,Murang'a,Gatanga,Kakuzi/Mitubiri
,Kenya,Murang'a,Gatanga,Kariara
,Kenya,Murang'a,Gatanga,Kihumbu-Ini
,Kenya,Murang'a,Gatanga,Mugumo-Ini
,Kenya,Murang'a,Kandara,Gaichanjiru
,Kenya,Murang'a,Kandara,Ithiru
,Kenya,Murang'a,Kandara,Kagundu-Ini
,Kenya,Murang'a,Kandara,Muruka
,Kenya,Murang'a,Kandara,Ng'Araria
,Kenya,Murang'a,Kandara,Ruchu
,Kenya,Murang'a,Kangema,Kanyenya-Ini
,Kenya,Murang'a,Kangema,Muguru
,Kenya,Murang'a,Kangema,Rwathia
,Kenya,Murang'a,Kigumo,Kahumbu
,Kenya,Murang'a,Kigumo,Kangari
,Kenya,Murang'a,Kigumo,Kigumo
,Kenya,Murang'a,Kigumo,Kinyona
,Kenya,Murang'a,Kigumo,Muthithi
,Kenya,Murang'a,Kiharu,Gaturi
,Kenya,Murang'a,Kiharu,Mbiri
,Kenya,Murang'a,Kiharu,Mugoiri
,Kenya,Murang'a,Kiharu,Murarandia
,Kenya,Murang'a,Kiharu,Township
,Kenya,Murang'a,Kiharu,Wangu
,Kenya,Murang'a,Maragwa,Ichagaki
,Kenya,Murang'a,Maragwa,Kamahuha
,Kenya,Murang'a,Maragwa,Kambiti
,Kenya,Murang'a,Maragwa,Kimorori/Wempa
,Kenya,Murang'a,Maragwa,Makuyu
,Kenya,Murang'a,Maragwa,Nginda
,Kenya,Murang'a,Mathioya,Gitugi
,Kenya,Murang'a,Mathioya,Kamacharia
,Kenya,Murang'a,Mathioya,Kiru
,Kenya,Nairobi,Dagoretti North,Gatina
,Kenya,Nairobi,Dagoretti North,Kileleshwa
,Kenya,Nairobi,Dagoretti North,Kilimani
,Kenya,Nairobi,Dagoretti South,Kabiro
,Kenya,Nairobi,Dagoretti South,Kawangware
,Kenya,Nairobi,Dagoretti South,Mutu-Ini
,Kenya,Nairobi,Dagoretti South,Ngando
,Kenya,Nairobi,Dagoretti South,Riruta
,Kenya,Nairobi,Dagoretti South,Uthiru/Ruthimitu
,Kenya,Nairobi,Dagoretti South,Waithaka
,Kenya,Nairobi,Embakasi Central,Kayole Central
,Kenya,Nairobi,Embakasi Central,Kayole North
,Kenya,Nairobi,Embakasi Central,Kayole South
,Kenya,Nairobi,Embakasi Central,Komarock
,Kenya,Nairobi,Embakasi Central,Matopeni/Spring Valley
,Kenya,Nairobi,Embakasi East,Embakasi
,Kenya,Nairobi,Embakasi East,Lower Savannah
,Kenya,Nairobi,Embakasi East,Mihango
,Kenya,Nairobi,Embakasi East,Upper Savannah
,Kenya,Nairobi,Embakasi East,Utawala
,Kenya,Nairobi,Embakasi North,Dandora Area I
,Kenya,Nairobi,Embakasi North,Dandora Area Ii
,Kenya,Nairobi,Embakasi North,Dandora Area Iii
,Kenya,Nairobi,Embakasi North,Dandora Area Iv
,Kenya,Nairobi,Embakasi North,Kariobangi North
,Kenya,Nairobi,Embakasi South,Imara Daima
,Kenya,Nairobi,Embakasi South,Kwa Njenga
,Kenya,Nairobi,Embakasi South,Kwa Reuben
,Kenya,Nairobi,Embakasi South,Kware
,Kenya,Nairobi,Embakasi South,Pipeline
,Kenya,Nairobi,Embakasi West,Kariobangi South
,Kenya,Nairobi,Embakasi West,Mowlem
,Kenya,Nairobi,Embakasi West,Umoja I
,Kenya,Nairobi,Embakasi West,Umoja Ii
,Kenya,Nairobi,Kamukunji,Airbase
,Kenya,Nairobi,Kamukunji,California
,Kenya,Nairobi,Kamukunji,Eastleigh North
,Kenya,Nairobi,Kamukunji,Eastleigh South
,Kenya,Nairobi,Kamukunji,Pumwani
,Kenya,Nairobi,Kasarani,Clay City
,Kenya,Nairobi,Kasarani,Kasarani
,Kenya,Nairobi,Kasarani,Mwiki
,Kenya,Nairobi,Kasarani,Njiru
,Kenya,Nairobi,Kasarani,Ruai
,Kenya,Nairobi,Kibra,Laini Saba
,Kenya,Nairobi,Kibra,Lindi
,Kenya,Nairobi,Kibra,Makina
,Kenya,Nairobi,Kibra,Nyayo Highrise
,Kenya,Nairobi,Kibra,Sarangombe
,Kenya,Nairobi,Kibra,Woodley/Kenyatta Golf Course
,Kenya,Nairobi,Langata,Karen
,Kenya,Nairobi,Langata,Mugumu-Ini
,Kenya,Nairobi,Langata,Nairobi West
,Kenya,Nairobi,Langata,South C
,Kenya,Nairobi,Makadara,Harambee
,Kenya,Nairobi,Makadara,Makongeni
,Kenya,Nairobi,Makadara,Maringo/Hamza
,Kenya,Nairobi,Makadara,Viwandani
,Kenya,Nairobi,Mathare,Hospital
,Kenya,Nairobi,Mathare,Huruma
,Kenya,Nairobi,Mathare,Kiamaiko
,Kenya,Nairobi,Mathare,Mabatini
,Kenya,Nairobi,Mathare,Mlango Kubwa
,Kenya,Nairobi,Roysambu,Githurai
,Kenya,Nairobi,Roysambu,Kahawa
,Kenya,Nairobi,Roysambu,Kahawa West
,Kenya,Nairobi,Roysambu,Roysambu
,Kenya,Nairobi,Roysambu,Zimmerman
,Kenya,Nairobi,Ruaraka,Baba Dogo
,Kenya,Nairobi,Ruaraka,Korogocho
,Kenya,Nairobi,Ruaraka,Lucky Summer
,Kenya,Nairobi,Ruaraka,Mathare North
,Kenya,Nairobi,Ruaraka,Utalii
,Kenya,Nairobi,Starehe,Landimawe
,Kenya,Nairobi,Starehe,Nairobi Central
,Kenya,Nairobi,Starehe,Nairobi South
,Kenya,Nairobi,Starehe,Ngara
,Kenya,Nairobi,Starehe,Pangani
,Kenya,Nairobi,Starehe,Ziwani/Kariokor
,Kenya,Nairobi,Westlands,Kangemi
,Kenya,Nairobi,Westlands,Karura
,Kenya,Nairobi,Westlands,Kitisuru
,Kenya,Nairobi,Westlands,Mountain View
,Kenya,Nairobi,Westlands,Parklands/Highridge
,Kenya,Nakuru,Bahati,Bahati
,Kenya,Nakuru,Bahati,Dundori
,Kenya,Nakuru,Bahati,Kabatini
,Kenya,Nakuru,Bahati,Kiamaina
,Kenya,Nakuru,Bahati,Lanet/Umoja
,Kenya,Nakuru,Gilgil,Elementaita
,Kenya,Nakuru,Gilgil,Gilgil
,Kenya,Nakuru,Gilgil,Malewa West
,Kenya,Nakuru,Gilgil,Mbaruk/Eburu
,Kenya,Nakuru,Gilgil,Murindati
,Kenya,Nakuru,Kuresoi North,Kamara
,Kenya,Nakuru,Kuresoi North,Kiptororo
,Kenya,Nakuru,Kuresoi North,Nyota
,Kenya,Nakuru,Kuresoi North,Sirikwa
,Kenya,Nakuru,Kuresoi South,Amalo
,Kenya,Nakuru,Kuresoi South,Keringet
,Kenya,Nakuru,Kuresoi South,Kiptagich
,Kenya,Nakuru,Kuresoi South,Tinet
,Kenya,Nakuru,Molo,Elburgon
,Kenya,Nakuru,Molo,Mariashoni
,Kenya,Nakuru,Molo,Molo
,Kenya,Nakuru,Molo,Turi
,Kenya,Nakuru,Naivasha,Biashara
,Kenya,Nakuru,Naivasha,Hells Gate
,Kenya,Nakuru,Naivasha,Lake View
,Kenya,Nakuru,Naivasha,Mai Mahiu
,Kenya,Nakuru,Naivasha,Maiella
,Kenya,Nakuru,Naivasha,Naivasha East
,Kenya,Nakuru,Naivasha,Olkaria
,Kenya,Nakuru,Naivasha,Viwandani
,Kenya,Nakuru,Nakuru Town East,Biashara
,Kenya,Nakuru,Nakuru Town East,Flamingo
,Kenya,Nakuru,Nakuru Town East,Kivumbini
,Kenya,Nakuru,Nakuru Town East,London
,Kenya,Nakuru,Nakuru Town East,Menengai
,Kenya,Nakuru,Nakuru Town East,Nakuru East
,Kenya,Nakuru,Nakuru Town West,Barut
,Kenya,Nakuru,Nakuru Town West,Kapkures
,Kenya,Nakuru,Nakuru Town West,Kaptembwo
,Kenya,Nakuru,Nakuru Town West,Rhoda
,Kenya,Nakuru,Nakuru Town West,Shaabab
,Kenya,Nakuru,Njoro,Kihingo
,Kenya,Nakuru,Njoro,Lare
,Kenya,Nakuru,Njoro,Mau Narok
,Kenya,Nakuru,Njoro,Mauche
,Kenya,Nakuru,Njoro,Nessuit
,Kenya,Nakuru,Njoro,Njoro
,Kenya,Nakuru,Rongai,Menengai West
,Kenya,Nakuru,Rongai,Mosop
,Kenya,Nakuru,Rongai,Soin
,Kenya,Nakuru,Rongai,Solai
,Kenya,Nakuru,Rongai,Visoi
,Kenya,Nakuru,Subukia,Kabazi
,Kenya,Nakuru,Subukia,Subukia
,Kenya,Nakuru,Subukia,Waseges
,Kenya,Nandi,Aldai,Kabwareng
,Kenya,Nandi,Aldai,Kaptumo-Kaboi
,Kenya,Nandi,Aldai,Kemeloi-Maraba
,Kenya,Nandi,Aldai,Kobujoi
,Kenya,Nandi,Aldai,Koyo-Ndurio
,Kenya,Nandi,Aldai,Terik
,Kenya,Nandi,Chesumei,Chemundu/Kapng'Etuny
,Kenya,Nandi,Chesumei,Kaptel/Kamoiywo
,Kenya,Nandi,Chesumei,Kiptuya
,Kenya,Nandi,Chesumei,Kosirai
,Kenya,Nandi,Chesumei,Lelmokwo/Ngechek
,Kenya,Nandi,Emgwen,Chepkumia
,Kenya,Nandi,Emgwen,Kapkangani
,Kenya,Nandi,Emgwen,Kapsabet
,Kenya,Nandi,Emgwen,Kilibwoni
,Kenya,Nandi,Mosop,Chepterwai
,Kenya,Nandi,Mosop,Kabisaga
,Kenya,Nandi,Mosop,Kabiyet
,Kenya,Nandi,Mosop,Kipkaren
,Kenya,Nandi,Mosop,Kurgung/Surungai
,Kenya,Nandi,Mosop,Ndalat
,Kenya,Nandi,Mosop,Sangalo/Kebulonik
,Kenya,Nandi,Nandi Hills,Chepkunyuk
,Kenya,Nandi,Nandi Hills,Kapchorua
,Kenya,Nandi,Nandi Hills,Nandi Hills
,Kenya,Nandi,Nandi Hills,Ol'Lessos
,Kenya,Nandi,Tinderet,Chemelil/Chemase
,Kenya,Nandi,Tinderet,Kapsimotwo
,Kenya,Nandi,Tinderet,Songhor/Soba
,Kenya,Nandi,Tinderet,Tindiret
,Kenya,Narok,Emurua Dikirr,Ilkerin
,Kenya,Narok,Emurua Dikirr,Kapsasian
,Kenya,Narok,Emurua Dikirr,Mogondo
,Kenya,Narok,Emurua Dikirr,Ololmasani
,Kenya,Narok,Kilgoris,Angata Barikoi
,Kenya,Narok,Kilgoris,Keyian
,Kenya,Narok,Kilgoris,Kilgoris Central
,Kenya,Narok,Kilgoris,Kimintet
,Kenya,Narok,Kilgoris,Lolgorian
,Kenya,Narok,Kilgoris,Shankoe
,Kenya,Narok,Narok East,Keekonyokie
,Kenya,Narok,Narok East,Mosiro
,Kenya,Narok,Narok East,Suswa
,Kenya,Narok,Narok North,Melili
,Kenya,Narok,Narok North,Narok Town
,Kenya,Narok,Narok North,Nkareta
,Kenya,Narok,Narok North,Olokurto
,Kenya,Narok,Narok North,Olorropil
,Kenya,Narok,Narok North,Olpusimoru
,Kenya,Narok,Narok South,Ildamat
,Kenya,Narok,Narok South,Loita
,Kenya,Narok,Narok South,Majimoto/Naroosura
,Kenya,Narok,Narok South,Melelo
,Kenya,Narok,Narok South,Ololulung'A
,Kenya,Narok,Narok South,Sagamian
,Kenya,Narok,Narok South,Sogoo
,Kenya,Narok,Narok West,Ilmotiok
,Kenya,Narok,Narok West,Mara
,Kenya,Narok,Narok West,Naikarra
,Kenya,Narok,Narok West,Siana
,Kenya,Nyamira,Borabu,Esise
,Kenya,Nyamira,Borabu,Kiabonyoru
,Kenya,Nyamira,Borabu,Mekenene
,Kenya,Nyamira,Borabu,Nyansiongo
,Kenya,Nyamira,Kitutu Masaba,Gachuba
,Kenya,Nyamira,Kitutu Masaba,Gesima
,Kenya,Nyamira,Kitutu Masaba,Kemera
,Kenya,Nyamira,Kitutu Masaba,Magombo
,Kenya,Nyamira,Kitutu Masaba,Manga
,Kenya,Nyamira,Kitutu Masaba,Rigoma
,Kenya,Nyamira,North Mugirango,Bokeira
,Kenya,Nyamira,North Mugirango,Bomwagamo
,Kenya,Nyamira,North Mugirango,Ekerenyo
,Kenya,Nyamira,North Mugirango,Itibo
,Kenya,Nyamira,North Mugirango,Magwagwa
,Kenya,Nyamira,West Mugirango,Bogichora
,Kenya,Nyamira,West Mugirango,Bonyamatuta
,Kenya,Nyamira,West Mugirango,Bosamaro
,Kenya,Nyamira,West Mugirango,Nyamaiya
,Kenya,Nyamira,West Mugirango,Township
,Kenya,Nyandarua,Kinangop,Engineer
,Kenya,Nyandarua,Kinangop,Gathara
,Kenya,Nyandarua,Kinangop,Githabai
,Kenya,Nyandarua,Kinangop,Magumu
,Kenya,Nyandarua,Kinangop,Murungaru
,Kenya,Nyandarua,Kinangop,Njabini\Kiburu
,Kenya,Nyandarua,Kinangop,North Kinangop
,Kenya,Nyandarua,Kinangop,Nyakio
,Kenya,Nyandarua,Kipipiri,Geta
,Kenya,Nyandarua,Kipipiri,Githioro
,Kenya,Nyandarua,Kipipiri,Kipipiri
,Kenya,Nyandarua,Kipipiri,Wanjohi
,Kenya,Nyandarua,Ndaragwa,Central
,Kenya,Nyandarua,Ndaragwa,Kiriita
,Kenya,Nyandarua,Ndaragwa,Leshau/Pondo
,Kenya,Nyandarua,Ndaragwa,Shamata
,Kenya,Nyandarua,Ol Jorok,Charagita
,Kenya,Nyandarua,Ol Jorok,Gathanji
,Kenya,Nyandarua,Ol Jorok,Gatimu
,Kenya,Nyandarua,Ol Jorok,Weru
,Kenya,Nyandarua,Ol Kalou,Kaimbaga
,Kenya,Nyandarua,Ol Kalou,Kanjuiri Range
,Kenya,Nyandarua,Ol Kalou,Karau
,Kenya,Nyandarua,Ol Kalou,Mirangine
,Kenya,Nyandarua,Ol Kalou,Rurii
,Kenya,Nyeri,Kieni,Gakawa
,Kenya,Nyeri,Kieni,Gatarakwa
,Kenya,Nyeri,Kieni,Kabaru
,Kenya,Nyeri,Kieni,Mugunda
,Kenya,Nyeri,Kieni,Mweiga
,Kenya,Nyeri,Kieni,Mwiyogo/Endarasha
,Kenya,Nyeri,Kieni,Naromoru Kiamathaga
,Kenya,Nyeri,Kieni,Thegu River
,Kenya,Nyeri,Mathira,Iriaini
,Kenya,Nyeri,Mathira,Karatina Town
,Kenya,Nyeri,Mathira,Kirimukuyu
,Kenya,Nyeri,Mathira,Konyu
,Kenya,Nyeri,Mathira,Magutu
,Kenya,Nyeri,Mathira,Ruguru
,Kenya,Nyeri,Mukurweini,Gikondi
,Kenya,Nyeri,Mukurweini,Mukurwe-Ini Central
,Kenya,Nyeri,Mukurweini,Mukurwe-Ini West
,Kenya,Nyeri,Mukurweini,Rugi
,Kenya,Nyeri,Nyeri Town,Gatitu/Muruguru
,Kenya,Nyeri,Nyeri Town,Kamakwa/Mukaro
,Kenya,Nyeri,Nyeri Town,Kiganjo/Mathari
,Kenya,Nyeri,Nyeri Town,Ruring'U
,Kenya,Nyeri,Nyeri Town,Rware
,Kenya,Nyeri,Othaya,Chinga
,Kenya,Nyeri,Othaya,Iria-Ini
,Kenya,Nyeri,Othaya,Karima
,Kenya,Nyeri,Othaya,Mahiga
,Kenya,Nyeri,Tetu,Aguthi-Gaaki
,Kenya,Nyeri,Tetu,Dedan Kimanthi
,Kenya,Nyeri,Tetu,Wamagana
,Kenya,Samburu,Samburu East,Wamba East
,Kenya,Samburu,Samburu East,Wamba North
,Kenya,Samburu,Samburu East,Wamba West
,Kenya,Samburu,Samburu East,Waso
,Kenya,Samburu,Samburu North,Angata Nanyokie
,Kenya,Samburu,Samburu North,Baawa
,Kenya,Samburu,Samburu North,El-Barta
,Kenya,Samburu,Samburu North,Nachola
,Kenya,Samburu,Samburu North,Ndoto
,Kenya,Samburu,Samburu North,Nyiro
,Kenya,Samburu,Samburu West,Lodokejek
,Kenya,Samburu,Samburu West,Loosuk
,Kenya,Samburu,Samburu West,Maralal
,Kenya,Samburu,Samburu West,Poro
,Kenya,Samburu,Samburu West,Suguta Marmar
,Kenya,Siaya,Alego Usonga,Central Alego
,Kenya,Siaya,Alego Usonga,North Alego
,Kenya,Siaya,Alego Usonga,Siaya Township
,Kenya,Siaya,Alego Usonga,South East Alego
,Kenya,Siaya,Alego Usonga,Usonga
,Kenya,Siaya,Alego Usonga,West Alego
,Kenya,Siaya,Bondo,Central Sakwa
,Kenya,Siaya,Bondo,North Sakwa
,Kenya,Siaya,Bondo,South Sakwa
,Kenya,Siaya,Bondo,West Sakwa
,Kenya,Siaya,Bondo,West Yimbo
,Kenya,Siaya,Bondo,Yimbo East
,Kenya,Siaya,Gem,Central Gem
,Kenya,Siaya,Gem,East Gem
,Kenya,Siaya,Gem,North Gem
,Kenya,Siaya,Gem,South Gem
,Kenya,Siaya,Gem,West Gem
,Kenya,Siaya,Gem,Yala Township
,Kenya,Siaya,Rarieda,East Asembo
,Kenya,Siaya,Rarieda,North Uyoma
,Kenya,Siaya,Rarieda,South Uyoma
,Kenya,Siaya,Rarieda,West Asembo
,Kenya,Siaya,Rarieda,West Uyoma
,Kenya,Siaya,Ugenya,East Ugenya
,Kenya,Siaya,Ugenya,North Ugenya
,Kenya,Siaya,Ugenya,Ukwala
,Kenya,Siaya,Ugenya,West Ugenya
,Kenya,Siaya,Ugunja,Sidindi
,Kenya,Siaya,Ugunja,Sigomere
,Kenya,Siaya,Ugunja,Ugunja
,Kenya,Taita Taveta,Mwatate,Bura
,Kenya,Taita Taveta,Mwatate,Chawia
,Kenya,Taita Taveta,Mwatate,Mwatate
,Kenya,Taita Taveta,Mwatate,Rong'E
,Kenya,Taita Taveta,Mwatate,Wusi/Kishamba
,Kenya,Taita Taveta,Taveta,Bomani
,Kenya,Taita Taveta,Taveta,Chala
,Kenya,Taita Taveta,Taveta,Mahoo
,Kenya,Taita Taveta,Taveta,Mata
,Kenya,Taita Taveta,Taveta,Mboghoni
,Kenya,Taita Taveta,Voi,Kaloleni
,Kenya,Taita Taveta,Voi,Kasigau
,Kenya,Taita Taveta,Voi,Marungu
,Kenya,Taita Taveta,Voi,Mbololo
,Kenya,Taita Taveta,Voi,Ngolia
,Kenya,Taita Taveta,Voi,Sagalla
,Kenya,Taita Taveta,Wundanyi,Mwanda/Mgange
,Kenya,Taita Taveta,Wundanyi,Werugha
,Kenya,Taita Taveta,Wundanyi,Wumingu/Kishushe
,Kenya,Taita Taveta,Wundanyi,Wundanyi/Mbale
,Kenya,Tana River,Bura,Bangale
,Kenya,Tana River,Bura,Chewele
,Kenya,Tana River,Bura,Hirimani
,Kenya,Tana River,Bura,Madogo
,Kenya,Tana River,Bura,Sala
,Kenya,Tana River,Galole,Chewani
,Kenya,Tana River,Galole,Kinakomba
,Kenya,Tana River,Galole,Mikinduni
,Kenya,Tana River,Galole,Wayu
,Kenya,Tana River,Garsen,Garsen Central
,Kenya,Tana River,Garsen,Garsen North
,Kenya,Tana River,Garsen,Garsen South
,Kenya,Tana River,Garsen,Garsen West
,Kenya,Tana River,Garsen,Kipini East
,Kenya,Tana River,Garsen,Kipini West
,Kenya,Tharaka-Nithi,Chuka/Igambang'Ombe,Igambang'Ombe
,Kenya,Tharaka-Nithi,Chuka/Igambang'Ombe,Karingani
,Kenya,Tharaka-Nithi,Chuka/Igambang'Ombe,Magumoni
,Kenya,Tharaka-Nithi,Chuka/Igambang'Ombe,Mariani
,Kenya,Tharaka-Nithi,Chuka/Igambang'Ombe,Mugwe
,Kenya,Tharaka-Nithi,Igembe South,Akachiu
,Kenya,Tharaka-Nithi,Maara,Chogoria
,Kenya,Tharaka-Nithi,Maara,Ganga
,Kenya,Tharaka-Nithi,Maara,Mitheru
,Kenya,Tharaka-Nithi,Maara,Muthambi
,Kenya,Tharaka-Nithi,Maara,Mwimbi
,Kenya,Tharaka-Nithi,Tharaka,Chiakariga
,Kenya,Tharaka-Nithi,Tharaka,Gatunga
,Kenya,Tharaka-Nithi,Tharaka,Mukothima
,Kenya,Tharaka-Nithi,Tharaka,Nkondi
,Kenya,Trans Nzoia,Cherangany,Chepsiro/Kiptoror
,Kenya,Trans Nzoia,Cherangany,Cherangany/Suwerwa
,Kenya,Trans Nzoia,Cherangany,Kaplamai
,Kenya,Trans Nzoia,Cherangany,Makutano
,Kenya,Trans Nzoia,Cherangany,Motosiet
,Kenya,Trans Nzoia,Cherangany,Sinyerere
,Kenya,Trans Nzoia,Cherangany,Sitatunga
,Kenya,Trans Nzoia,Endebess,Chepchoina
,Kenya,Trans Nzoia,Endebess,Endebess
,Kenya,Trans Nzoia,Endebess,Matumbei
,Kenya,Trans Nzoia,Kiminini,Hospital
,Kenya,Trans Nzoia,Kiminini,Kiminini
,Kenya,Trans Nzoia,Kiminini,Nabiswa
,Kenya,Trans Nzoia,Kiminini,Sikhendu
,Kenya,Trans Nzoia,Kiminini,Sirende
,Kenya,Trans Nzoia,Kiminini,Waitaluk
,Kenya,Trans Nzoia,Kwanza,Bidii
,Kenya,Trans Nzoia,Kwanza,Kapomboi
,Kenya,Trans Nzoia,Kwanza,Kwanza
,Kenya,Trans Nzoia,Saboti,Kinyoro
,Kenya,Trans Nzoia,Saboti,Machewa
,Kenya,Trans Nzoia,Saboti,Matisi
,Kenya,Trans Nzoia,Saboti,Saboti
,Kenya,Trans Nzoia,Saboti,Tuwani
,Kenya,Trans Nzoia,unknown 4,unknown 4
,Kenya,Turkana,Loima,Kotaruk/Lobei
,Kenya,Turkana,Loima,Loima
,Kenya,Turkana,Loima,Lokiriama/Lorengippi
,Kenya,Turkana,Loima,Turkwel
,Kenya,Turkana,Turkana Central,Kalokol
,Kenya,Turkana,Turkana Central,Kanamkemer
,Kenya,Turkana,Turkana Central,Kang'Atotha
,Kenya,Turkana,Turkana Central,Kerio Delta
,Kenya,Turkana,Turkana Central,Lodwar Township
,Kenya,Turkana,Turkana East,Kapedo/Napeitom
,Kenya,Turkana,Turkana East,Katilia
,Kenya,Turkana,Turkana North,Kaaleng/Kaikor
,Kenya,Turkana,Turkana North,Kaeris
,Kenya,Turkana,Turkana North,Kibish
,Kenya,Turkana,Turkana North,Lake Zone
,Kenya,Turkana,Turkana North,Lapur
,Kenya,Turkana,Turkana North,Nakalale
,Kenya,Turkana,Turkana South,Kalapata
,Kenya,Turkana,Turkana South,Kaputir
,Kenya,Turkana,Turkana South,Katilu
,Kenya,Turkana,Turkana South,Lobokat
,Kenya,Turkana,Turkana South,Lokichar
,Kenya,Turkana,Turkana West,Kakuma
,Kenya,Turkana,Turkana West,Kalobeyei
,Kenya,Turkana,Turkana West,Letea
,Kenya,Turkana,Turkana West,Lokichoggio
,Kenya,Turkana,Turkana West,Lopur
,Kenya,Turkana,Turkana West,Nanaam
,Kenya,Turkana,Turkana West,Songot
,Kenya,Turkana,unknown 2,unknown 2
,Kenya,Uasin Gishu,Ainabkoi,Ainabkoi/Olare
,Kenya,Uasin Gishu,Ainabkoi,Kapsoya
,Kenya,Uasin Gishu,Ainabkoi,Kaptagat
,Kenya,Uasin Gishu,Kapseret,Kipkenyo
,Kenya,Uasin Gishu,Kapseret,Langas
,Kenya,Uasin Gishu,Kapseret,Megun
,Kenya,Uasin Gishu,Kapseret,Ngeria
,Kenya,Uasin Gishu,Kapseret,Simat/Kapseret
,Kenya,Uasin Gishu,Kesses,Cheptiret/Kipchamo
,Kenya,Uasin Gishu,Kesses,Racecourse
,Kenya,Uasin Gishu,Kesses,Tarakwa
,Kenya,Uasin Gishu,Kesses,Tulwet/Chuiyat
,Kenya,Uasin Gishu,Moiben,Karuna/Meibeki
,Kenya,Uasin Gishu,Moiben,Kimumu
,Kenya,Uasin Gishu,Moiben,Moiben
,Kenya,Uasin Gishu,Moiben,Sergoit
,Kenya,Uasin Gishu,Moiben,Tembelio
,Kenya,Uasin Gishu,Soy,Kapkures
,Kenya,Uasin Gishu,Soy,Kipsomba
,Kenya,Uasin Gishu,Soy,Kuinet/Kapsuswa
,Kenya,Uasin Gishu,Soy,Moi'S Bridge
,Kenya,Uasin Gishu,Soy,Segero/Barsombe
,Kenya,Uasin Gishu,Soy,Soy
,Kenya,Uasin Gishu,Soy,Ziwa
,Kenya,Uasin Gishu,Turbo,Huruma
,Kenya,Uasin Gishu,Turbo,Kamagut
,Kenya,Uasin Gishu,Turbo,Kapsaos
,Kenya,Uasin Gishu,Turbo,Kiplombe
,Kenya,Uasin Gishu,Turbo,Ngenyilel
,Kenya,Uasin Gishu,Turbo,Tapsagoi
,Kenya,Vihiga,Emuhaya,Central Bunyore
,Kenya,Vihiga,Emuhaya,North East Bunyore
,Kenya,Vihiga,Emuhaya,West Bunyore
,Kenya,Vihiga,Hamisi,Banja
,Kenya,Vihiga,Hamisi,Gisambai
,Kenya,Vihiga,Hamisi,Jepkoyai
,Kenya,Vihiga,Hamisi,Muhudu
,Kenya,Vihiga,Hamisi,Shamakhokho
,Kenya,Vihiga,Hamisi,Shiru
,Kenya,Vihiga,Hamisi,Tambua
,Kenya,Vihiga,Luanda,Emabungo
,Kenya,Vihiga,Luanda,Luanda South
,Kenya,Vihiga,Luanda,Luanda Township
,Kenya,Vihiga,Luanda,Mwibona
,Kenya,Vihiga,Luanda,Wemilabi
,Kenya,Vihiga,Sabatia,Busali
,Kenya,Vihiga,Sabatia,Chavakali
,Kenya,Vihiga,Sabatia,Lyaduywa/Izava
,Kenya,Vihiga,Sabatia,North Maragoli
,Kenya,Vihiga,Sabatia,West Sabatia
,Kenya,Vihiga,Sabatia,Wodanga
,Kenya,Vihiga,Vihiga,Central Maragoli
,Kenya,Vihiga,Vihiga,Lugaga-Wamuluma
,Kenya,Vihiga,Vihiga,Mungoma
,Kenya,Vihiga,Vihiga,South Maragoli
,Kenya,Wajir,Eldas,Della
,Kenya,Wajir,Eldas,Eldas
,Kenya,Wajir,Eldas,Elnur/Tula Tula
,Kenya,Wajir,Eldas,Lakoley South/Basir
,Kenya,Wajir,Tarbaj,Elben
,Kenya,Wajir,Tarbaj,Sarman
,Kenya,Wajir,Tarbaj,Tarbaj
,Kenya,Wajir,Tarbaj,Wargadud
,Kenya,Wajir,Wajir East,Barwago
,Kenya,Wajir,Wajir East,Khorof/Harar
,Kenya,Wajir,Wajir East,Township
,Kenya,Wajir,Wajir East,Wagberi
,Kenya,Wajir,Wajir North,Batalu
,Kenya,Wajir,Wajir North,Bute
,Kenya,Wajir,Wajir North,Danaba
,Kenya,Wajir,Wajir North,Godoma
,Kenya,Wajir,Wajir North,Gurar
,Kenya,Wajir,Wajir North,Korondile
,Kenya,Wajir,Wajir North,Malkagufu
,Kenya,Wajir,Wajir South,Benane
,Kenya,Wajir,Wajir South,Burder
,Kenya,Wajir,Wajir South,Dadaja Bulla
,Kenya,Wajir,Wajir South,Diif
,Kenya,Wajir,Wajir South,Habasswein
,Kenya,Wajir,Wajir South,Ibrahim Ure
,Kenya,Wajir,Wajir South,Lagboghol South
,Kenya,Wajir,Wajir West,Adamasajide
,Kenya,Wajir,Wajir West,Arbajahan
,Kenya,Wajir,Wajir West,Ganyure/Wagalla
,Kenya,Wajir,Wajir West,Hadado/Athibohol
,Kenya,West Pokot,Kacheliba,Alale
,Kenya,West Pokot,Kacheliba,Kapchok
,Kenya,West Pokot,Kacheliba,Kasei
,Kenya,West Pokot,Kacheliba,Kiwawa
,Kenya,West Pokot,Kacheliba,Kodich
,Kenya,West Pokot,Kacheliba,Suam
,Kenya,West Pokot,Kapenguria,Endugh
,Kenya,West Pokot,Kapenguria,Kapenguria
,Kenya,West Pokot,Kapenguria,Lokori/Kochodin
,Kenya,West Pokot,Kapenguria,Mnagei
,Kenya,West Pokot,Kapenguria,Siyoi
,Kenya,West Pokot,Kapenguria,Sook
,Kenya,West Pokot,Pokot South,Batei
,Kenya,West Pokot,Pokot South,Chepareria
,Kenya,West Pokot,Pokot South,Lelan
,Kenya,West Pokot,Pokot South,Tapach
,Kenya,West Pokot,Sigor,Lomut
,Kenya,West Pokot,Sigor,Masool
,Kenya,West Pokot,Sigor,Sekerr
,Kenya,West Pokot,Sigor,Weiwei
,Kenya,West Pokot,unknown 3,unknown 3
,Kenya,West Pokot,unknown 8,unknown 8