ID_0,NAME_0,ID_1,NAME_1,ID_2,NAME_2,ID_3,NAME_3
1,Kenya,8,Garissa,83,Daadab,350,Abakaile
1,Kenya,27,Meru,301,South Imenti,351,Abogeta East
1,Kenya,27,Meru,301,South Imenti,352,Abogeta West
1,Kenya,27,Meru,77,Central Imenti,353,Abothuguchi Central
1,Kenya,27,Meru,77,Central Imenti,354,Abothuguchi West
1,Kenya,47,Wajir,335,Wajir West,355,Adamasajide
1,Kenya,15,Kilifi,208,Magarini,356,Adu
1,Kenya,5,Busia,98,Funyula,357,Ageng'A Nanguba
1,Kenya,37,Nyeri,313,Tetu,358,Aguthi-Gaaki
1,Kenya,18,Kisumu,271,Nyando,359,Ahero
1,Kenya,45,Uasin Gishu,50,Ainabkoi,360,Ainabkoi/Olare
1,Kenya,13,Kericho,51,Ainamoi,361,Ainamoi
1,Kenya,31,Nairobi,133,Kamukunji,362,Airbase
1,Kenya,29,Mombasa,78,Changamwe,363,Airport
1,Kenya,42,Tharaka-Nithi,115,Igembe South,364,Akachiu
1,Kenya,27,Meru,112,Igembe Central,365,Akirang'Ondu
1,Kenya,27,Meru,318,Tigania West,366,Akithii
1,Kenya,48,West Pokot,125,Kacheliba,367,Alale
1,Kenya,25,Mandera,187,Lafey,368,Alango Gof
1,Kenya,32,Nakuru,183,Kuresoi South,369,Amalo
1,Kenya,5,Busia,312,Teso South,370,Amukura Central
1,Kenya,5,Busia,312,Teso South,371,Amukura East
1,Kenya,5,Busia,312,Teso South,372,Amukura West
1,Kenya,27,Meru,113,Igembe North,373,Amwathi
1,Kenya,5,Busia,312,Teso South,374,Ang'Orom
1,Kenya,5,Busia,311,Teso North,375,Ang'Urai East
1,Kenya,5,Busia,311,Teso North,376,Ang'Urai North
1,Kenya,5,Busia,311,Teso North,377,Ang'Urai South
1,Kenya,34,Narok,157,Kilgoris,378,Angata Barikoi
1,Kenya,38,Samburu,293,Samburu North,379,Angata Nanyokie
1,Kenya,27,Meru,113,Igembe North,380,Antuambui
1,Kenya,27,Meru,113,Igembe North,381,Antubetwe Kiongo
1,Kenya,25,Mandera,213,Mandera East,382,Arabia
1,Kenya,47,Wajir,335,Wajir West,383,Arbajahan
1,Kenya,6,Elgeyo-Marakwet,220,Marakwet West,384,Arror
1,Kenya,25,Mandera,214,Mandera North,385,Ashabito
1,Kenya,19,Kitui,176,Kitui South,386,Athi
1,Kenya,23,Machakos,229,Mavoko,387,Athi River
1,Kenya,27,Meru,114,Igembe South,388,Athiru Gaiti
1,Kenya,27,Meru,112,Igembe Central,389,Athiru Ruujine
1,Kenya,27,Meru,318,Tigania West,390,Athwana
1,Kenya,18,Kisumu,271,Nyando,391,Awasi/Onjiko
1,Kenya,38,Samburu,293,Samburu North,392,Baawa
1,Kenya,31,Nairobi,286,Ruaraka,393,Baba Dogo
1,Kenya,22,Lamu,194,Lamu West,394,Bahari
1,Kenya,32,Nakuru,55,Bahati,395,Bahati
1,Kenya,8,Garissa,56,Balambala,396,Balambala
1,Kenya,15,Kilifi,100,Ganze,397,Bamba
1,Kenya,29,Mombasa,169,Kisauni,398,Bamburi
1,Kenya,41,Tana River,72,Bura,399,Bangale
1,Kenya,25,Mandera,57,Banissa,400,Banissa
1,Kenya,46,Vihiga,110,Hamisi,401,Banja
1,Kenya,16,Kirinyaga,107,Gichugu,402,Baragwi
1,Kenya,8,Garissa,188,Lagdera,403,Baraki
1,Kenya,2,Baringo,59,Baringo North,404,Bartabwa
1,Kenya,32,Nakuru,254,Nakuru Town West,405,Barut
1,Kenya,47,Wajir,332,Wajir East,406,Barwago
1,Kenya,2,Baringo,59,Baringo North,407,Barwessa
1,Kenya,17,Kisii,62,Bobasi,408,Basi Bogetaorio
1,Kenya,17,Kisii,62,Bobasi,409,Basi Central
1,Kenya,22,Lamu,193,Lamu East,410,Basuba
1,Kenya,47,Wajir,333,Wajir North,411,Batalu
1,Kenya,48,West Pokot,279,Pokot South,412,Batei
1,Kenya,8,Garissa,188,Lagdera,413,Benane
1,Kenya,47,Wajir,334,Wajir South,414,Benane
1,Kenya,14,Kiambu,287,Ruiru,415,Biashara
1,Kenya,32,Nakuru,252,Naivasha,416,Biashara
1,Kenya,32,Nakuru,253,Nakuru Town East,417,Biashara
1,Kenya,14,Kiambu,199,Limuru,418,Bibirioni
1,Kenya,43,Trans Nzoia,186,Kwanza,419,Bidii
1,Kenya,17,Kisii,272,Nyaribari Chache,420,Birongo
1,Kenya,17,Kisii,272,Nyaribari Chache,421,Bobaracho
1,Kenya,17,Kisii,62,Bobasi,422,Bobasi Boitangare
1,Kenya,17,Kisii,62,Bobasi,423,Bobasi Chache
1,Kenya,29,Mombasa,197,Likoni,424,Bofu
1,Kenya,17,Kisii,179,Kitutu Chache South,425,Bogeka
1,Kenya,17,Kisii,302,South Mugirango,426,Bogetenga
1,Kenya,17,Kisii,67,Bonchari,427,Bogiakumu
1,Kenya,35,Nyamira,338,West Mugirango,428,Bogichora
1,Kenya,17,Kisii,179,Kitutu Chache South,429,Bogusero
1,Kenya,17,Kisii,302,South Mugirango,430,Boikang'A
1,Kenya,3,Bomet,181,Konoin,431,Boito
1,Kenya,35,Nyamira,268,North Mugirango,432,Bokeira
1,Kenya,17,Kisii,63,Bomachoge Borabu,433,Bokimonge
1,Kenya,4,Bungoma,336,Webute West,434,Bokoli
1,Kenya,40,Taita Taveta,310,Taveta,435,Bomani
1,Kenya,17,Kisii,67,Bonchari,436,Bomariba
1,Kenya,17,Kisii,63,Bomachoge Borabu,437,Bombaba Borabu
1,Kenya,17,Kisii,67,Bonchari,438,Bomorenda
1,Kenya,35,Nyamira,268,North Mugirango,439,Bomwagamo
1,Kenya,35,Nyamira,338,West Mugirango,440,Bonyamatuta
1,Kenya,17,Kisii,63,Bomachoge Borabu,441,Boochi Borabu
1,Kenya,17,Kisii,64,Bomachoge Chache,442,Boochi/Tendere
1,Kenya,17,Kisii,302,South Mugirango,443,Borabu / Chitago
1,Kenya,35,Nyamira,338,West Mugirango,444,Bosamaro
1,Kenya,17,Kisii,64,Bomachoge Chache,445,Bosoti/Sengera
1,Kenya,4,Bungoma,135,Kanduyi,446,Bukembe East
1,Kenya,4,Bungoma,135,Kanduyi,447,Bukembe West
1,Kenya,5,Busia,255,Nambale,448,Bukhayo Central
1,Kenya,5,Busia,255,Nambale,449,Bukhayo East
1,Kenya,5,Busia,255,Nambale,450,Bukhayo North/Waltsi
1,Kenya,5,Busia,222,Matayos,451,Bukhayo West
1,Kenya,28,Migori,185,Kuria West,452,Bukira Centrl/Ikerege
1,Kenya,28,Migori,185,Kuria West,453,Bukira East
1,Kenya,25,Mandera,213,Mandera East,454,Bulla Mpya
1,Kenya,10,Isiolo,118,Isiolo North,455,Bulla Pesa
1,Kenya,4,Bungoma,71,Bumula,456,Bumula
1,Kenya,5,Busia,70,Budalangi,457,Bunyala Central
1,Kenya,12,Kakamega,261,Navakholo,458,Bunyala Central
1,Kenya,12,Kakamega,261,Navakholo,459,Bunyala East
1,Kenya,5,Busia,70,Budalangi,460,Bunyala North
1,Kenya,5,Busia,70,Budalangi,461,Bunyala South
1,Kenya,5,Busia,70,Budalangi,462,Bunyala West
1,Kenya,12,Kakamega,261,Navakholo,463,Bunyala West
1,Kenya,8,Garissa,97,Fafi,464,Bura
1,Kenya,40,Taita Taveta,247,Mwatate,465,Bura
1,Kenya,10,Isiolo,118,Isiolo North,466,Burat
1,Kenya,47,Wajir,334,Wajir South,467,Burder
1,Kenya,5,Busia,222,Matayos,468,Burumba
1,Kenya,46,Vihiga,289,Sabatia,469,Busali
1,Kenya,5,Busia,222,Matayos,470,Busibwabo
1,Kenya,12,Kakamega,211,Malava,471,Butali/Chegulo
1,Kenya,47,Wajir,333,Wajir North,472,Bute
1,Kenya,26,Marsabit,238,Moyale,473,Butiye
1,Kenya,12,Kakamega,205,Lurambi,474,Butsotso Central
1,Kenya,12,Kakamega,205,Lurambi,475,Butsotso East
1,Kenya,12,Kakamega,205,Lurambi,476,Butsotso South
1,Kenya,4,Bungoma,124,Kabuchai,477,Bwake/Luuya
1,Kenya,5,Busia,98,Funyula,478,Bwiri
1,Kenya,31,Nairobi,133,Kamukunji,479,California
1,Kenya,9,Homa Bay,140,Karachuonyo,480,Central
1,Kenya,19,Kitui,249,Mwingi Central,481,Central
1,Kenya,36,Nyandarua,262,Ndaragwa,482,Central
1,Kenya,7,Embu,288,Runyenjes,483,Central  Ward
1,Kenya,39,Siaya,53,Alego Usonga,484,Central Alego
1,Kenya,46,Vihiga,94,Emuhaya,485,Central Bunyore
1,Kenya,39,Siaya,106,Gem,486,Central Gem
1,Kenya,28,Migori,284,Rongo,487,Central Kamagambo
1,Kenya,28,Migori,329,Uriri,488,Central Kanyamkago
1,Kenya,9,Homa Bay,142,Kasipul,489,Central Kasipul
1,Kenya,18,Kisumu,172,Kisumu West,490,Central Kisumu
1,Kenya,46,Vihiga,330,Vihiga,491,Central Maragoli
1,Kenya,18,Kisumu,269,Nyakach,492,Central Nyakach
1,Kenya,28,Migori,54,Awendo,493,Central Sakwa
1,Kenya,39,Siaya,68,Bondo,494,Central Sakwa
1,Kenya,18,Kisumu,295,Seme,495,Central Seme
1,Kenya,29,Mombasa,78,Changamwe,496,Chaani
1,Kenya,13,Kericho,61,Belgut,497,Chaik
1,Kenya,5,Busia,312,Teso South,498,Chakol North
1,Kenya,5,Busia,312,Teso South,499,Chakol South
1,Kenya,40,Taita Taveta,310,Taveta,500,Chala
1,Kenya,29,Mombasa,78,Changamwe,501,Changamwe
1,Kenya,14,Kiambu,104,Gatundu North,502,Chania
1,Kenya,36,Nyandarua,276,Ol Jorok,503,Charagita
1,Kenya,10,Isiolo,118,Isiolo North,504,Chari
1,Kenya,15,Kilifi,159,Kilifi South,505,Chasimba
1,Kenya,46,Vihiga,289,Sabatia,506,Chavakali
1,Kenya,40,Taita Taveta,247,Mwatate,507,Chawia
1,Kenya,13,Kericho,73,Bureti,508,Cheboin
1,Kenya,3,Bomet,79,Chepalungu,509,Chebunyo
1,Kenya,4,Bungoma,202,Lugari,510,Chekalini
1,Kenya,3,Bomet,300,Sotik,511,Chemagel
1,Kenya,3,Bomet,66,Bomet East,512,Chemaner
1,Kenya,18,Kisumu,241,Muhoroni,513,Chemelil
1,Kenya,33,Nandi,319,Tinderet,514,Chemelil/Chemase
1,Kenya,13,Kericho,73,Bureti,515,Chemosot
1,Kenya,12,Kakamega,211,Malava,516,Chemuche
1,Kenya,33,Nandi,81,Chesumei,517,Chemundu/Kapng'Etuny
1,Kenya,20,Kwale,163,Kinango,518,Chengoni/Samburu
1,Kenya,48,West Pokot,279,Pokot South,519,Chepareria
1,Kenya,3,Bomet,181,Konoin,520,Chepchabas
1,Kenya,43,Trans Nzoia,96,Endebess,521,Chepchoina
1,Kenya,6,Elgeyo-Marakwet,145,Keiyo South,522,Chepkorio
1,Kenya,33,Nandi,93,Emgwen,523,Chepkumia
1,Kenya,33,Nandi,256,Nandi Hills,524,Chepkunyuk
1,Kenya,13,Kericho,73,Bureti,525,Cheplanget
1,Kenya,13,Kericho,166,Kipkelion East,526,Chepseon
1,Kenya,43,Trans Nzoia,80,Cherangany,527,Chepsiro/Kiptoror
1,Kenya,4,Bungoma,240,Mt. Elgon,528,Cheptais
1,Kenya,33,Nandi,237,Mosop,529,Chepterwai
1,Kenya,45,Uasin Gishu,146,Kesses,530,Cheptiret/Kipchamo
1,Kenya,13,Kericho,61,Belgut,531,Cheptororiet/Seretut
1,Kenya,4,Bungoma,240,Mt. Elgon,532,Chepyuk
1,Kenya,10,Isiolo,118,Isiolo North,533,Cherab
1,Kenya,6,Elgeyo-Marakwet,220,Marakwet West,534,Cherang'Any/Chebororwa
1,Kenya,43,Trans Nzoia,80,Cherangany,535,Cherangany/Suwerwa
1,Kenya,4,Bungoma,240,Mt. Elgon,536,Chesikaki
1,Kenya,3,Bomet,65,Bomet Central,537,Chesoen
1,Kenya,12,Kakamega,203,Lugari,538,Chevaywa
1,Kenya,41,Tana River,99,Galole,539,Chewani
1,Kenya,41,Tana River,72,Bura,540,Chewele
1,Kenya,42,Tharaka-Nithi,314,Tharaka,541,Chiakariga
1,Kenya,13,Kericho,167,Kipkelion West,542,Chilchila
1,Kenya,37,Nyeri,278,Othaya,543,Chinga
1,Kenya,42,Tharaka-Nithi,206,Maara,544,Chogoria
1,Kenya,19,Kitui,174,Kitui East,545,Chuluni
1,Kenya,2,Baringo,316,Tiaty,546,Churo/Amaya
1,Kenya,14,Kiambu,148,Kiambaa,547,Cianda
1,Kenya,31,Nairobi,141,Kasarani,548,Clay City
1,Kenya,15,Kilifi,158,Kilifi North,549,Dabaso
1,Kenya,8,Garissa,83,Daadab,550,Dadaab
1,Kenya,47,Wajir,334,Wajir South,551,Dadaja Bulla
1,Kenya,11,Kajiado,127,Kajiado Central,552,Dalalekutuk
1,Kenya,8,Garissa,83,Daadab,553,Damajale
1,Kenya,47,Wajir,333,Wajir North,554,Danaba
1,Kenya,31,Nairobi,90,Embakasi North,555,Dandora Area I
1,Kenya,31,Nairobi,90,Embakasi North,556,Dandora Area Ii
1,Kenya,31,Nairobi,90,Embakasi North,557,Dandora Area Iii
1,Kenya,31,Nairobi,90,Embakasi North,558,Dandora Area Iv
1,Kenya,25,Mandera,216,Mandera West,559,Dandu
1,Kenya,8,Garissa,56,Balambala,560,Danyere
1,Kenya,37,Nyeri,313,Tetu,561,Dedan Kimanthi
1,Kenya,8,Garissa,97,Fafi,562,Dekaharia
1,Kenya,47,Wajir,87,Eldas,563,Della
1,Kenya,25,Mandera,57,Banissa,564,Derkhale
1,Kenya,8,Garissa,83,Daadab,565,Dertu
1,Kenya,47,Wajir,334,Wajir South,566,Diif
1,Kenya,26,Marsabit,266,North Horr,567,Dukana
1,Kenya,32,Nakuru,55,Bahati,568,Dundori
1,Kenya,20,Kwale,204,Lungalunga,569,Dzombo
1,Kenya,39,Siaya,282,Rarieda,570,East Asembo
1,Kenya,9,Homa Bay,281,Rangwe,571,East Gem
1,Kenya,39,Siaya,106,Gem,572,East Gem
1,Kenya,12,Kakamega,211,Malava,573,East Kabras
1,Kenya,9,Homa Bay,142,Kasipul,574,East Kamagak
1,Kenya,28,Migori,284,Rongo,575,East Kamagambo
1,Kenya,18,Kisumu,271,Nyando,576,East Kano/Wawidhi
1,Kenya,28,Migori,329,Uriri,577,East Kanyamkago
1,Kenya,4,Bungoma,135,Kanduyi,578,East Sang'Alo
1,Kenya,18,Kisumu,295,Seme,579,East Seme
1,Kenya,39,Siaya,327,Ugenya,580,East Ugenya
1,Kenya,12,Kakamega,243,Mumias East,581,East Wanga
1,Kenya,31,Nairobi,133,Kamukunji,582,Eastleigh North
1,Kenya,31,Nairobi,133,Kamukunji,583,Eastleigh South
1,Kenya,23,Machakos,221,Masinga,584,Ekalakala
1,Kenya,35,Nyamira,268,North Mugirango,585,Ekerenyo
1,Kenya,38,Samburu,293,Samburu North,586,El-Barta
1,Kenya,47,Wajir,309,Tarbaj,587,Elben
1,Kenya,32,Nakuru,236,Molo,588,Elburgon
1,Kenya,47,Wajir,87,Eldas,589,Eldas
1,Kenya,32,Nakuru,108,Gilgil,590,Elementaita
1,Kenya,4,Bungoma,240,Mt. Elgon,591,Elgon
1,Kenya,47,Wajir,87,Eldas,592,Elnur/Tula Tula
1,Kenya,5,Busia,75,Butula,593,Elugulu
1,Kenya,25,Mandera,215,Mandera South,594,Elwak South
1,Kenya,46,Vihiga,201,Luanda,595,Emabungo
1,Kenya,24,Makueni,152,Kibwezi West,596,Emali/Mulala
1,Kenya,31,Nairobi,89,Embakasi East,597,Embakasi
1,Kenya,3,Bomet,181,Konoin,598,Embomos
1,Kenya,2,Baringo,234,Mogotio,599,Emining
1,Kenya,6,Elgeyo-Marakwet,144,Keiyo North,600,Emsoo
1,Kenya,19,Kitui,174,Kitui East,601,Endau/Malalani
1,Kenya,43,Trans Nzoia,96,Endebess,602,Endebess
1,Kenya,6,Elgeyo-Marakwet,219,Marakwet East,603,Endo
1,Kenya,48,West Pokot,138,Kapenguria,604,Endugh
1,Kenya,36,Nyandarua,164,Kinangop,605,Engineer
1,Kenya,11,Kajiado,130,Kajiado South,606,Entonet/Lenkisim
1,Kenya,35,Nyamira,69,Borabu,607,Esise
1,Kenya,12,Kakamega,244,Mumias West,608,Etenje
1,Kenya,7,Embu,230,Mbeere North,609,Evurore
1,Kenya,2,Baringo,58,Baringo Central,610,Ewalel/Chapchap
1,Kenya,11,Kajiado,131,Kajiado West,611,Ewuaso Oonkidong'I
1,Kenya,8,Garissa,97,Fafi,612,Fafi
1,Kenya,22,Lamu,193,Lamu East,613,Faza
1,Kenya,25,Mandera,213,Mandera East,614,Fino
1,Kenya,32,Nakuru,253,Nakuru Town East,615,Flamingo
1,Kenya,29,Mombasa,270,Nyali,616,Frere Town
1,Kenya,35,Nyamira,180,Kitutu Masaba,617,Gachuba
1,Kenya,30,Murang'a,134,Kandara,618,Gaichanjiru
1,Kenya,37,Nyeri,153,Kieni,619,Gakawa
1,Kenya,8,Garissa,101,Garissa Township,620,Galbet
1,Kenya,15,Kilifi,212,Malindi,621,Ganda
1,Kenya,42,Tharaka-Nithi,206,Maara,622,Ganga
1,Kenya,47,Wajir,335,Wajir West,623,Ganyure/Wagalla
1,Kenya,15,Kilifi,100,Ganze,624,Ganze
1,Kenya,15,Kilifi,208,Magarini,625,Garashi
1,Kenya,10,Isiolo,119,Isiolo South,626,Garbatulla
1,Kenya,41,Tana River,102,Garsen,627,Garsen Central
1,Kenya,41,Tana River,102,Garsen,628,Garsen North
1,Kenya,41,Tana River,102,Garsen,629,Garsen South
1,Kenya,41,Tana River,102,Garsen,630,Garsen West
1,Kenya,30,Murang'a,103,Gatanga,631,Gatanga
1,Kenya,37,Nyeri,153,Kieni,632,Gatarakwa
1,Kenya,36,Nyandarua,276,Ol Jorok,633,Gathanji
1,Kenya,36,Nyandarua,164,Kinangop,634,Gathara
1,Kenya,16,Kirinyaga,248,Mwea,635,Gathigiriri
1,Kenya,36,Nyandarua,276,Ol Jorok,636,Gatimu
1,Kenya,31,Nairobi,84,Dagoretti North,637,Gatina
1,Kenya,37,Nyeri,275,Nyeri Town,638,Gatitu/Muruguru
1,Kenya,14,Kiambu,315,Thika Town,639,Gatuanyaga
1,Kenya,42,Tharaka-Nithi,314,Tharaka,640,Gatunga
1,Kenya,30,Murang'a,155,Kiharu,641,Gaturi
1,Kenya,7,Embu,217,Manyatta,642,Gaturi North
1,Kenya,7,Embu,217,Manyatta,643,Gaturi South
1,Kenya,9,Homa Bay,232,Mbita,644,Gembe
1,Kenya,35,Nyamira,180,Kitutu Masaba,645,Gesima
1,Kenya,17,Kisii,273,Nyaribari Masaba,646,Gesusu
1,Kenya,36,Nyandarua,165,Kipipiri,647,Geta
1,Kenya,17,Kisii,302,South Mugirango,648,Getenga
1,Kenya,37,Nyeri,242,Mukurweini,649,Gikondi
1,Kenya,32,Nakuru,108,Gilgil,650,Gilgil
1,Kenya,46,Vihiga,110,Hamisi,651,Gisambai
1,Kenya,14,Kiambu,122,Kabete,652,Gitaru
1,Kenya,36,Nyandarua,164,Kinangop,653,Githabai
1,Kenya,25,Mandera,216,Mandera West,654,Gither
1,Kenya,14,Kiambu,109,Githunguri,655,Githiga
1,Kenya,21,Laikipia,191,Laikipia West,656,Githiga
1,Kenya,36,Nyandarua,165,Kipipiri,657,Githioro
1,Kenya,14,Kiambu,104,Gatundu North,658,Githobokoni
1,Kenya,14,Kiambu,109,Githunguri,659,Githunguri
1,Kenya,31,Nairobi,285,Roysambu,660,Githurai
1,Kenya,14,Kiambu,287,Ruiru,661,Gitothua
1,Kenya,14,Kiambu,104,Gatundu North,662,Gituamba
1,Kenya,30,Murang'a,224,Mathioya,663,Gitugi
1,Kenya,28,Migori,307,Suna East,664,God Jope
1,Kenya,47,Wajir,333,Wajir North,665,Godoma
1,Kenya,28,Migori,184,Kuria East,666,Gokeharaka/Getambwega
1,Kenya,26,Marsabit,238,Moyale,667,Golbo
1,Kenya,20,Kwale,239,Msambweni,668,Gombato Bongwe
1,Kenya,15,Kilifi,208,Magarini,669,Gongoni
1,Kenya,8,Garissa,188,Lagdera,670,Goreale
1,Kenya,28,Migori,274,Nyatike,671,Got Kachola
1,Kenya,25,Mandera,57,Banissa,672,Guba
1,Kenya,47,Wajir,333,Wajir North,673,Gurar
1,Kenya,25,Mandera,214,Mandera North,674,Guticha
1,Kenya,9,Homa Bay,305,Suba,675,Gwassi North
1,Kenya,9,Homa Bay,305,Suba,676,Gwassi South
1,Kenya,47,Wajir,334,Wajir South,677,Habasswein
1,Kenya,47,Wajir,335,Wajir West,678,Hadado/Athibohol
1,Kenya,31,Nairobi,209,Makadara,679,Harambee
1,Kenya,26,Marsabit,238,Moyale,680,Heillu/Manyatta
1,Kenya,32,Nakuru,252,Naivasha,681,Hells Gate
1,Kenya,22,Lamu,194,Lamu West,682,Hindi
1,Kenya,41,Tana River,72,Bura,683,Hirimani
1,Kenya,9,Homa Bay,111,Homa Bay Town,684,Homa Bay Arujo
1,Kenya,9,Homa Bay,111,Homa Bay Town,685,Homa Bay Central
1,Kenya,9,Homa Bay,111,Homa Bay Town,686,Homa Bay East
1,Kenya,9,Homa Bay,111,Homa Bay Town,687,Homa Bay West
1,Kenya,22,Lamu,194,Lamu West,688,Hongwe
1,Kenya,14,Kiambu,315,Thika Town,689,Hospital
1,Kenya,31,Nairobi,223,Mathare,690,Hospital
1,Kenya,43,Trans Nzoia,162,Kiminini,691,Hospital
1,Kenya,8,Garissa,116,Ijara,692,Hulugho
1,Kenya,31,Nairobi,223,Mathare,693,Huruma
1,Kenya,45,Uasin Gishu,321,Turbo,694,Huruma
1,Kenya,17,Kisii,272,Nyaribari Chache,695,Ibeno
1,Kenya,47,Wajir,334,Wajir South,696,Ibrahim Ure
1,Kenya,30,Murang'a,218,Maragwa,697,Ichagaki
1,Kenya,17,Kisii,273,Nyaribari Masaba,698,Ichuni
1,Kenya,12,Kakamega,117,Ikolomani,699,Idakho Central
1,Kenya,12,Kakamega,117,Ikolomani,700,Idakho East
1,Kenya,12,Kakamega,117,Ikolomani,701,Idakho North
1,Kenya,12,Kakamega,117,Ikolomani,702,Idakho South
1,Kenya,8,Garissa,101,Garissa Township,703,Iftin
1,Kenya,42,Tharaka-Nithi,82,Chuka/Igambang'Ombe,704,Igambang'Ombe
1,Kenya,27,Meru,112,Igembe Central,705,Igembe East
1,Kenya,27,Meru,301,South Imenti,706,Igoji East
1,Kenya,27,Meru,301,South Imenti,707,Igoji West
1,Kenya,21,Laikipia,191,Laikipia West,708,Igwamiti
1,Kenya,8,Garissa,116,Ijara,709,Ijara
1,Kenya,19,Kitui,176,Kitui South,710,Ikanga/Kyatune
1,Kenya,14,Kiambu,109,Githunguri,711,Ikinu
1,Kenya,23,Machakos,341,Yatta,712,Ikombe
1,Kenya,19,Kitui,176,Kitui South,713,Ikutha
1,Kenya,2,Baringo,60,Baringo South,714,Ilchamus
1,Kenya,11,Kajiado,127,Kajiado Central,715,Ildamat
1,Kenya,34,Narok,259,Narok South,716,Ildamat
1,Kenya,24,Makueni,126,Kaiti,717,Ilima
1,Kenya,34,Narok,95,Emurua Dikirr,718,Ilkerin
1,Kenya,26,Marsabit,266,North Horr,719,Illeret
1,Kenya,34,Narok,260,Narok West,720,Ilmotiok
1,Kenya,11,Kajiado,131,Kajiado West,721,Iloodokilani
1,Kenya,31,Nairobi,91,Embakasi South,722,Imara Daima
1,Kenya,11,Kajiado,128,Kajiado East,723,Imaroro
1,Kenya,12,Kakamega,261,Navakholo,724,Ingostse-Mathia
1,Kenya,16,Kirinyaga,168,Kirinyaga Central,725,Inoi
1,Kenya,37,Nyeri,278,Othaya,726,Iria-Ini
1,Kenya,37,Nyeri,225,Mathira,727,Iriaini
1,Kenya,28,Migori,185,Kuria West,728,Isibania
1,Kenya,12,Kakamega,296,Shinyalu,729,Isukha Central
1,Kenya,12,Kakamega,296,Shinyalu,730,Isukha East
1,Kenya,12,Kakamega,296,Shinyalu,731,Isukha North
1,Kenya,12,Kakamega,296,Shinyalu,732,Isukha South
1,Kenya,12,Kakamega,296,Shinyalu,733,Isukha West
1,Kenya,30,Murang'a,103,Gatanga,734,Ithanga
1,Kenya,30,Murang'a,134,Kandara,735,Ithiru
1,Kenya,35,Nyamira,268,North Mugirango,736,Itibo
1,Kenya,24,Makueni,151,Kibwezi East,737,Ivingoni/Nzambani
1,Kenya,8,Garissa,56,Balambala,738,Jara Jara
1,Kenya,8,Garissa,97,Fafi,739,Jarajila
1,Kenya,15,Kilifi,100,Ganze,740,Jaribuni
1,Kenya,46,Vihiga,110,Hamisi,741,Jepkoyai
1,Kenya,15,Kilifi,212,Malindi,742,Jilore
1,Kenya,29,Mombasa,120,Jomvu,743,Jomvu Kuu
1,Kenya,14,Kiambu,121,Juja,744,Juja
1,Kenya,29,Mombasa,169,Kisauni,745,Junda
1,Kenya,15,Kilifi,159,Kilifi South,746,Junju
1,Kenya,44,Turkana,324,Turkana North,747,Kaaleng/Kaikor
1,Kenya,16,Kirinyaga,107,Gichugu,748,Kabare
1,Kenya,2,Baringo,58,Baringo Central,749,Kabarnet
1,Kenya,2,Baringo,59,Baringo North,750,Kabartonjo
1,Kenya,37,Nyeri,153,Kieni,751,Kabaru
1,Kenya,32,Nakuru,55,Bahati,752,Kabatini
1,Kenya,32,Nakuru,306,Subukia,753,Kabazi
1,Kenya,14,Kiambu,122,Kabete,754,Kabete
1,Kenya,13,Kericho,61,Belgut,755,Kabianga
1,Kenya,6,Elgeyo-Marakwet,145,Keiyo South,756,Kabiemit
1,Kenya,31,Nairobi,85,Dagoretti South,757,Kabiro
1,Kenya,33,Nandi,237,Mosop,758,Kabisaga
1,Kenya,33,Nandi,237,Mosop,759,Kabiyet
1,Kenya,9,Homa Bay,123,Kabondo Kasipul,760,Kabondo East
1,Kenya,9,Homa Bay,123,Kabondo Kasipul,761,Kabondo West
1,Kenya,18,Kisumu,271,Nyando,762,Kabonyo/Kanyagwal
1,Kenya,4,Bungoma,124,Kabuchai,763,Kabuchai/Chwele
1,Kenya,4,Bungoma,71,Bumula,764,Kabula
1,Kenya,9,Homa Bay,263,Ndhiwa,765,Kabuoch North
1,Kenya,9,Homa Bay,263,Ndhiwa,766,Kabuoch South/Pala
1,Kenya,33,Nandi,52,Aldai,767,Kabwareng
1,Kenya,28,Migori,274,Nyatike,768,Kachien'G
1,Kenya,29,Mombasa,270,Nyali,769,Kadzandani
1,Kenya,44,Turkana,324,Turkana North,770,Kaeris
1,Kenya,7,Embu,288,Runyenjes,771,Kagaari North
1,Kenya,7,Embu,288,Runyenjes,772,Kagaari South
1,Kenya,9,Homa Bay,281,Rangwe,773,Kagan
1,Kenya,30,Murang'a,134,Kandara,774,Kagundu-Ini
1,Kenya,31,Nairobi,285,Roysambu,775,Kahawa
1,Kenya,31,Nairobi,285,Roysambu,776,Kahawa West
1,Kenya,30,Murang'a,154,Kigumo,777,Kahumbu
1,Kenya,36,Nyandarua,277,Ol Kalou,778,Kaimbaga
1,Kenya,18,Kisumu,171,Kisumu East,779,Kajulu
1,Kenya,28,Migori,307,Suna East,780,Kakrao
1,Kenya,9,Homa Bay,305,Suba,781,Kaksingri West
1,Kenya,44,Turkana,326,Turkana West,782,Kakuma
1,Kenya,15,Kilifi,212,Malindi,783,Kakuyuni
1,Kenya,30,Murang'a,103,Gatanga,784,Kakuzi/Mitubiri
1,Kenya,23,Machakos,207,Machakos Town,785,Kalama
1,Kenya,44,Turkana,325,Turkana South,786,Kalapata
1,Kenya,24,Makueni,233,Mbooni,787,Kalawa
1,Kenya,28,Migori,274,Nyatike,788,Kaler
1,Kenya,14,Kiambu,121,Juja,789,Kalimoni
1,Kenya,44,Turkana,326,Turkana West,790,Kalobeyei
1,Kenya,44,Turkana,322,Turkana Central,791,Kalokol
1,Kenya,15,Kilifi,132,Kaloleni,792,Kaloleni
1,Kenya,40,Taita Taveta,331,Voi,793,Kaloleni
1,Kenya,30,Murang'a,224,Mathioya,794,Kamacharia
1,Kenya,45,Uasin Gishu,321,Turbo,795,Kamagut
1,Kenya,30,Murang'a,218,Maragwa,796,Kamahuha
1,Kenya,37,Nyeri,275,Nyeri Town,797,Kamakwa/Mukaro
1,Kenya,32,Nakuru,182,Kuresoi North,798,Kamara
1,Kenya,6,Elgeyo-Marakwet,144,Keiyo North,799,Kamariny
1,Kenya,13,Kericho,167,Kipkelion West,800,Kamasian
1,Kenya,15,Kilifi,280,Rabai,801,Kambe/Ribe
1,Kenya,30,Murang'a,218,Maragwa,802,Kambiti
1,Kenya,14,Kiambu,196,Lari,803,Kamburu
1,Kenya,14,Kiambu,315,Thika Town,804,Kamenu
1,Kenya,4,Bungoma,161,Kimilili,805,Kamukuywa
1,Kenya,44,Turkana,322,Turkana Central,806,Kanamkemer
1,Kenya,44,Turkana,322,Turkana Central,807,Kang'Atotha
1,Kenya,16,Kirinyaga,248,Mwea,808,Kangai
1,Kenya,30,Murang'a,154,Kigumo,809,Kangari
1,Kenya,31,Nairobi,339,Westlands,810,Kangemi
1,Kenya,27,Meru,112,Igembe Central,811,Kangeta
1,Kenya,23,Machakos,137,Kangundo,812,Kangundo Central
1,Kenya,23,Machakos,137,Kangundo,813,Kangundo East
1,Kenya,23,Machakos,137,Kangundo,814,Kangundo North
1,Kenya,23,Machakos,137,Kangundo,815,Kangundo West
1,Kenya,36,Nyandarua,277,Ol Kalou,816,Kanjuiri Range
1,Kenya,27,Meru,114,Igembe South,817,Kanuni
1,Kenya,9,Homa Bay,263,Ndhiwa,818,Kanyadoto
1,Kenya,9,Homa Bay,140,Karachuonyo,819,Kanyaluo
1,Kenya,9,Homa Bay,263,Ndhiwa,820,Kanyamwa Kologi
1,Kenya,9,Homa Bay,263,Ndhiwa,821,Kanyamwa Kosewe
1,Kenya,19,Kitui,175,Kitui Rural,822,Kanyangi
1,Kenya,28,Migori,274,Nyatike,823,Kanyasa
1,Kenya,16,Kirinyaga,168,Kirinyaga Central,824,Kanyekini
1,Kenya,30,Murang'a,136,Kangema,825,Kanyenya-Ini
1,Kenya,9,Homa Bay,263,Ndhiwa,826,Kanyikela
1,Kenya,19,Kitui,176,Kitui South,827,Kanziko
1,Kenya,6,Elgeyo-Marakwet,144,Keiyo North,828,Kapchemutwa
1,Kenya,48,West Pokot,125,Kacheliba,829,Kapchok
1,Kenya,33,Nandi,256,Nandi Hills,830,Kapchorua
1,Kenya,44,Turkana,323,Turkana East,831,Kapedo/Napeitom
1,Kenya,48,West Pokot,138,Kapenguria,832,Kapenguria
1,Kenya,33,Nandi,93,Emgwen,833,Kapkangani
1,Kenya,4,Bungoma,240,Mt. Elgon,834,Kapkateny
1,Kenya,13,Kericho,73,Bureti,835,Kapkatet
1,Kenya,13,Kericho,51,Ainamoi,836,Kapkugerwet
1,Kenya,32,Nakuru,254,Nakuru Town West,837,Kapkures
1,Kenya,45,Uasin Gishu,303,Soy,838,Kapkures
1,Kenya,43,Trans Nzoia,80,Cherangany,839,Kaplamai
1,Kenya,13,Kericho,298,Sigowet/Soin,840,Kaplelartet
1,Kenya,3,Bomet,300,Sotik,841,Kapletundo
1,Kenya,43,Trans Nzoia,186,Kwanza,842,Kapomboi
1,Kenya,2,Baringo,58,Baringo Central,843,Kapropita
1,Kenya,33,Nandi,93,Emgwen,844,Kapsabet
1,Kenya,13,Kericho,51,Ainamoi,845,Kapsaos
1,Kenya,45,Uasin Gishu,321,Turbo,846,Kapsaos
1,Kenya,34,Narok,95,Emurua Dikirr,847,Kapsasian
1,Kenya,33,Nandi,319,Tinderet,848,Kapsimotwo
1,Kenya,13,Kericho,51,Ainamoi,849,Kapsoit
1,Kenya,6,Elgeyo-Marakwet,220,Marakwet West,850,Kapsowar
1,Kenya,45,Uasin Gishu,50,Ainabkoi,851,Kapsoya
1,Kenya,13,Kericho,61,Belgut,852,Kapsuser
1,Kenya,45,Uasin Gishu,50,Ainabkoi,853,Kaptagat
1,Kenya,4,Bungoma,240,Mt. Elgon,854,Kaptama
1,Kenya,6,Elgeyo-Marakwet,145,Keiyo South,855,Kaptarakwa
1,Kenya,33,Nandi,81,Chesumei,856,Kaptel/Kamoiywo
1,Kenya,32,Nakuru,254,Nakuru Town West,857,Kaptembwo
1,Kenya,33,Nandi,52,Aldai,858,Kaptumo-Kaboi
1,Kenya,11,Kajiado,128,Kajiado East,859,Kaputiei North
1,Kenya,44,Turkana,325,Turkana South,860,Kaputir
1,Kenya,6,Elgeyo-Marakwet,219,Marakwet East,861,Kapyego
1,Kenya,14,Kiambu,156,Kikuyu,862,Karai
1,Kenya,27,Meru,317,Tigania East,863,Karama
1,Kenya,26,Marsabit,291,Saku,864,Karare
1,Kenya,37,Nyeri,225,Mathira,865,Karatina Town
1,Kenya,36,Nyandarua,277,Ol Kalou,866,Karau
1,Kenya,31,Nairobi,195,Langata,867,Karen
1,Kenya,26,Marsabit,192,Laisamis,868,Kargi/South Horr
1,Kenya,30,Murang'a,103,Gatanga,869,Kariara
1,Kenya,37,Nyeri,278,Othaya,870,Karima
1,Kenya,42,Tharaka-Nithi,82,Chuka/Igambang'Ombe,871,Karingani
1,Kenya,31,Nairobi,90,Embakasi North,872,Kariobangi North
1,Kenya,31,Nairobi,92,Embakasi West,873,Kariobangi South
1,Kenya,16,Kirinyaga,264,Ndia,874,Kariti
1,Kenya,16,Kirinyaga,107,Gichugu,875,Karumandi
1,Kenya,45,Uasin Gishu,235,Moiben,876,Karuna/Meibeki
1,Kenya,31,Nairobi,339,Westlands,877,Karura
1,Kenya,14,Kiambu,148,Kiambaa,878,Karuri
1,Kenya,31,Nairobi,141,Kasarani,879,Kasarani
1,Kenya,48,West Pokot,125,Kacheliba,880,Kasei
1,Kenya,9,Homa Bay,232,Mbita,881,Kasgunga
1,Kenya,40,Taita Taveta,331,Voi,882,Kasigau
1,Kenya,24,Makueni,160,Kilome,883,Kasikeu
1,Kenya,23,Machakos,341,Yatta,884,Katangi
1,Kenya,23,Machakos,143,Kathiani,885,Kathiani Central
1,Kenya,24,Makueni,210,Makueni,886,Kathonzweni
1,Kenya,44,Turkana,323,Turkana East,887,Katilia
1,Kenya,44,Turkana,325,Turkana South,888,Katilu
1,Kenya,19,Kitui,177,Kitui West,889,Kauwi
1,Kenya,31,Nairobi,85,Dagoretti South,890,Kawangware
1,Kenya,15,Kilifi,132,Kaloleni,891,Kayafungo
1,Kenya,31,Nairobi,88,Embakasi Central,892,Kayole Central
1,Kenya,31,Nairobi,88,Embakasi Central,893,Kayole North
1,Kenya,31,Nairobi,88,Embakasi Central,894,Kayole South
1,Kenya,13,Kericho,166,Kipkelion East,895,Kedowa/Kimugul
1,Kenya,24,Makueni,126,Kaiti,896,Kee
1,Kenya,11,Kajiado,131,Kajiado West,897,Keekonyokie
1,Kenya,34,Narok,257,Narok East,898,Keekonyokie
1,Kenya,17,Kisii,178,Kitutu Chache North,899,Kegogi
1,Kenya,3,Bomet,66,Bomet East,900,Kembu
1,Kenya,33,Nandi,52,Aldai,901,Kemeloi-Maraba
1,Kenya,35,Nyamira,180,Kitutu Masaba,902,Kemera
1,Kenya,9,Homa Bay,140,Karachuonyo,903,Kendu Bay Town
1,Kenya,11,Kajiado,128,Kajiado East,904,Kenyawa-Poka
1,Kenya,32,Nakuru,183,Kuresoi South,905,Keringet
1,Kenya,44,Turkana,322,Turkana Central,906,Kerio Delta
1,Kenya,16,Kirinyaga,168,Kirinyaga Central,907,Kerugoya
1,Kenya,17,Kisii,272,Nyaribari Chache,908,Keumbu
1,Kenya,34,Narok,157,Kilgoris,909,Keyian
1,Kenya,4,Bungoma,135,Kanduyi,910,Khalaba
1,Kenya,12,Kakamega,227,Matungu,911,Khalaba
1,Kenya,25,Mandera,213,Mandera East,912,Khalalio
1,Kenya,4,Bungoma,71,Bumula,913,Khasoko
1,Kenya,12,Kakamega,227,Matungu,914,Kholera
1,Kenya,47,Wajir,332,Wajir East,915,Khorof/Harar
1,Kenya,35,Nyamira,69,Borabu,916,Kiabonyoru
1,Kenya,27,Meru,76,Buuri,917,Kiagu
1,Kenya,31,Nairobi,223,Mathare,918,Kiamaiko
1,Kenya,32,Nakuru,55,Bahati,919,Kiamaina
1,Kenya,7,Embu,231,Mbeere South,920,Kiambere
1,Kenya,17,Kisii,273,Nyaribari Masaba,921,Kiamokama
1,Kenya,14,Kiambu,105,Gatundu South,922,Kiamwangi
1,Kenya,27,Meru,318,Tigania West,923,Kianjai
1,Kenya,15,Kilifi,158,Kilifi North,924,Kibarani
1,Kenya,23,Machakos,246,Mwala,925,Kibauni
1,Kenya,4,Bungoma,161,Kimilili,926,Kibingei
1,Kenya,9,Homa Bay,140,Karachuonyo,927,Kibiri
1,Kenya,27,Meru,76,Buuri,928,Kibirichia
1,Kenya,44,Turkana,324,Turkana North,929,Kibish
1,Kenya,27,Meru,114,Igembe South,930,Kiegoi/Antubochiu
1,Kenya,14,Kiambu,105,Gatundu South,931,Kiganjo
1,Kenya,37,Nyeri,275,Nyeri Town,932,Kiganjo/Mathari
1,Kenya,27,Meru,317,Tigania East,933,Kiguchwa
1,Kenya,30,Murang'a,154,Kigumo,934,Kigumo
1,Kenya,14,Kiambu,148,Kiambaa,935,Kihara
1,Kenya,32,Nakuru,265,Njoro,936,Kihingo
1,Kenya,30,Murang'a,103,Gatanga,937,Kihumbu-Ini
1,Kenya,24,Makueni,160,Kilome,938,Kiima Kiu/Kalanzoni
1,Kenya,16,Kirinyaga,264,Ndia,939,Kiine
1,Kenya,27,Meru,76,Buuri,940,Kiirua/Naari
1,Kenya,14,Kiambu,196,Lari,941,Kijabe
1,Kenya,24,Makueni,152,Kibwezi West,942,Kikumbulyu North
1,Kenya,24,Makueni,152,Kibwezi West,943,Kikumbulyu South
1,Kenya,14,Kiambu,156,Kikuyu,944,Kikuyu
1,Kenya,31,Nairobi,84,Dagoretti North,945,Kileleshwa
1,Kenya,34,Narok,157,Kilgoris,946,Kilgoris Central
1,Kenya,33,Nandi,93,Emgwen,947,Kilibwoni
1,Kenya,31,Nairobi,84,Dagoretti North,948,Kilimani
1,Kenya,25,Mandera,57,Banissa,949,Kiliwehiri
1,Kenya,24,Makueni,126,Kaiti,950,Kilungu
1,Kenya,4,Bungoma,71,Bumula,951,Kimaeti
1,Kenya,11,Kajiado,130,Kajiado South,952,Kimana
1,Kenya,4,Bungoma,161,Kimilili,953,Kimilili
1,Kenya,43,Trans Nzoia,162,Kiminini,954,Kiminini
1,Kenya,34,Narok,157,Kilgoris,955,Kimintet
1,Kenya,30,Murang'a,218,Maragwa,956,Kimorori/Wempa
1,Kenya,3,Bomet,181,Konoin,957,Kimulot
1,Kenya,45,Uasin Gishu,235,Moiben,958,Kimumu
1,Kenya,41,Tana River,99,Galole,959,Kinakomba
1,Kenya,14,Kiambu,196,Lari,960,Kinale
1,Kenya,20,Kwale,163,Kinango,961,Kinango
1,Kenya,23,Machakos,229,Mavoko,962,Kinanie
1,Kenya,5,Busia,75,Butula,963,Kingandole
1,Kenya,10,Isiolo,119,Isiolo South,964,Kinna
1,Kenya,20,Kwale,239,Msambweni,965,Kinondo
1,Kenya,14,Kiambu,156,Kikuyu,966,Kinoo
1,Kenya,30,Murang'a,154,Kigumo,967,Kinyona
1,Kenya,43,Trans Nzoia,290,Saboti,968,Kinyoro
1,Kenya,17,Kisii,272,Nyaribari Chache,969,Kiogoro
1,Kenya,19,Kitui,249,Mwingi Central,970,Kiomo/Kyethani
1,Kenya,13,Kericho,51,Ainamoi,971,Kipchebor
1,Kenya,13,Kericho,51,Ainamoi,972,Kipchimchim
1,Kenya,29,Mombasa,78,Changamwe,973,Kipevu
1,Kenya,41,Tana River,102,Garsen,974,Kipini East
1,Kenya,41,Tana River,102,Garsen,975,Kipini West
1,Kenya,36,Nyandarua,165,Kipipiri,976,Kipipiri
1,Kenya,33,Nandi,237,Mosop,977,Kipkaren
1,Kenya,13,Kericho,167,Kipkelion West,978,Kipkelion
1,Kenya,45,Uasin Gishu,139,Kapseret,979,Kipkenyo
1,Kenya,45,Uasin Gishu,321,Turbo,980,Kiplombe
1,Kenya,3,Bomet,66,Bomet East,981,Kipreres
1,Kenya,45,Uasin Gishu,303,Soy,982,Kipsomba
1,Kenya,3,Bomet,300,Sotik,983,Kipsonoi
1,Kenya,32,Nakuru,183,Kuresoi South,984,Kiptagich
1,Kenya,32,Nakuru,182,Kuresoi North,985,Kiptororo
1,Kenya,33,Nandi,81,Chesumei,986,Kiptuya
1,Kenya,36,Nyandarua,262,Ndaragwa,987,Kiriita
1,Kenya,7,Embu,217,Manyatta,988,Kirimari
1,Kenya,37,Nyeri,225,Mathira,989,Kirimukuyu
1,Kenya,30,Murang'a,224,Mathioya,990,Kiru
1,Kenya,12,Kakamega,147,Khwisero,991,Kisa Central
1,Kenya,12,Kakamega,147,Khwisero,992,Kisa East
1,Kenya,12,Kakamega,147,Khwisero,993,Kisa North
1,Kenya,12,Kakamega,147,Khwisero,994,Kisa West
1,Kenya,2,Baringo,234,Mogotio,995,Kisanana
1,Kenya,19,Kitui,175,Kitui Rural,996,Kisasi
1,Kenya,13,Kericho,73,Bureti,997,Kisiara
1,Kenya,17,Kisii,272,Nyaribari Chache,998,Kisii Central
1,Kenya,27,Meru,76,Buuri,999,Kisima
1,Kenya,18,Kisumu,172,Kisumu West,1000,Kisumu North
1,Kenya,11,Kajiado,128,Kajiado East,1001,Kitengela
1,Kenya,24,Makueni,233,Mbooni,1002,Kiteta/Kisau
1,Kenya,23,Machakos,341,Yatta,1003,Kithimani
1,Kenya,7,Embu,217,Manyatta,1004,Kithimu
1,Kenya,24,Makueni,233,Mbooni,1005,Kithungo/Kitundu
1,Kenya,24,Makueni,210,Makueni,1006,Kitise/Kithuki
1,Kenya,31,Nairobi,339,Westlands,1007,Kitisuru
1,Kenya,17,Kisii,179,Kitutu Chache South,1008,Kitutu   Central
1,Kenya,22,Lamu,193,Lamu East,1009,Kiunga
1,Kenya,14,Kiambu,287,Ruiru,1010,Kiuu
1,Kenya,23,Machakos,221,Masinga,1011,Kivaa
1,Kenya,19,Kitui,249,Mwingi Central,1012,Kivou
1,Kenya,32,Nakuru,253,Nakuru Town East,1013,Kivumbini
1,Kenya,48,West Pokot,125,Kacheliba,1014,Kiwawa
1,Kenya,33,Nandi,52,Aldai,1015,Kobujoi
1,Kenya,18,Kisumu,271,Nyando,1016,Kobura
1,Kenya,9,Homa Bay,281,Rangwe,1017,Kochia
1,Kenya,48,West Pokot,125,Kacheliba,1018,Kodich
1,Kenya,2,Baringo,86,Eldama Ravine,1019,Koibatek
1,Kenya,9,Homa Bay,123,Kabondo Kasipul,1020,Kojwach
1,Kenya,9,Homa Bay,123,Kabondo Kasipul,1021,Kokwanyo/Kakelo
1,Kenya,23,Machakos,207,Machakos Town,1022,Kola
1,Kenya,2,Baringo,316,Tiaty,1023,Kolowa
1,Kenya,18,Kisumu,171,Kisumu East,1024,Kolwa Central
1,Kenya,18,Kisumu,171,Kisumu East,1025,Kolwa East
1,Kenya,31,Nairobi,88,Embakasi Central,1026,Komarock
1,Kenya,14,Kiambu,109,Githunguri,1027,Komothai
1,Kenya,18,Kisumu,170,Kisumu Central,1028,Kondele
1,Kenya,3,Bomet,79,Chepalungu,1029,Kong'Asis
1,Kenya,4,Bungoma,198,Likuyani,1030,Kongoni
1,Kenya,29,Mombasa,270,Nyali,1031,Kongowea
1,Kenya,37,Nyeri,225,Mathira,1032,Konyu
1,Kenya,31,Nairobi,286,Ruaraka,1033,Korogocho
1,Kenya,47,Wajir,333,Wajir North,1034,Korondile
1,Kenya,26,Marsabit,192,Laisamis,1035,Korr/Ngurunit
1,Kenya,33,Nandi,81,Chesumei,1036,Kosirai
1,Kenya,44,Turkana,200,Loima,1037,Kotaruk/Lobei
1,Kenya,33,Nandi,52,Aldai,1038,Koyo-Ndurio
1,Kenya,12,Kakamega,227,Matungu,1039,Koyonzo
1,Kenya,20,Kwale,226,Matuga,1040,Kubo South
1,Kenya,45,Uasin Gishu,303,Soy,1041,Kuinet/Kapsuswa
1,Kenya,11,Kajiado,130,Kajiado South,1042,Kuku
1,Kenya,13,Kericho,167,Kipkelion West,1043,Kunyak
1,Kenya,33,Nandi,237,Mosop,1044,Kurgung/Surungai
1,Kenya,25,Mandera,215,Mandera South,1045,Kutulo
1,Kenya,28,Migori,307,Suna East,1046,Kwa
1,Kenya,19,Kitui,177,Kitui West,1047,Kwa Mutonga/Kithumula
1,Kenya,31,Nairobi,91,Embakasi South,1048,Kwa Njenga
1,Kenya,31,Nairobi,91,Embakasi South,1049,Kwa Reuben
1,Kenya,9,Homa Bay,263,Ndhiwa,1050,Kwabwai
1,Kenya,43,Trans Nzoia,186,Kwanza,1051,Kwanza
1,Kenya,31,Nairobi,91,Embakasi South,1052,Kware
1,Kenya,19,Kitui,175,Kitui Rural,1053,Kwavonza/Yatta
1,Kenya,19,Kitui,173,Kitui Central,1054,Kyangwithya East
1,Kenya,19,Kitui,173,Kitui Central,1055,Kyangwithya West
1,Kenya,23,Machakos,228,Matungulu,1056,Kyeleni
1,Kenya,7,Embu,288,Runyenjes,1057,Kyeni North
1,Kenya,7,Embu,288,Runyenjes,1058,Kyeni South
1,Kenya,19,Kitui,251,Mwingi West,1059,Kyome/Thaana
1,Kenya,19,Kitui,250,Mwingi North,1060,Kyuso
1,Kenya,8,Garissa,83,Daadab,1061,Labasigale
1,Kenya,25,Mandera,187,Lafey,1062,Lafey
1,Kenya,47,Wajir,334,Wajir South,1063,Lagboghol South
1,Kenya,25,Mandera,216,Mandera West,1064,Lagsure
1,Kenya,31,Nairobi,150,Kibra,1065,Laini Saba
1,Kenya,26,Marsabit,192,Laisamis,1066,Laisamis
1,Kenya,32,Nakuru,252,Naivasha,1067,Lake View
1,Kenya,44,Turkana,324,Turkana North,1068,Lake Zone
1,Kenya,47,Wajir,87,Eldas,1069,Lakoley South/Basir
1,Kenya,9,Homa Bay,232,Mbita,1070,Lambwe
1,Kenya,31,Nairobi,304,Starehe,1071,Landimawe
1,Kenya,32,Nakuru,55,Bahati,1072,Lanet/Umoja
1,Kenya,45,Uasin Gishu,139,Kapseret,1073,Langas
1,Kenya,44,Turkana,324,Turkana North,1074,Lapur
1,Kenya,32,Nakuru,265,Njoro,1075,Lare
1,Kenya,14,Kiambu,196,Lari,1076,Lari/Kirenga
1,Kenya,48,West Pokot,279,Pokot South,1077,Lelan
1,Kenya,33,Nandi,81,Chesumei,1078,Lelmokwo/Ngechek
1,Kenya,2,Baringo,49,805,1079,Lembus
1,Kenya,2,Baringo,86,Eldama Ravine,1080,Lembus Kwen
1,Kenya,2,Baringo,86,Eldama Ravine,1081,Lembus/Perkerra
1,Kenya,36,Nyandarua,262,Ndaragwa,1082,Leshau/Pondo
1,Kenya,44,Turkana,326,Turkana West,1083,Letea
1,Kenya,25,Mandera,187,Lafey,1084,Libehia
1,Kenya,8,Garissa,83,Daadab,1085,Liboi
1,Kenya,29,Mombasa,197,Likoni,1086,Likoni
1,Kenya,4,Bungoma,198,Likuyani,1087,Likuyani
1,Kenya,14,Kiambu,199,Limuru,1088,Limuru Central
1,Kenya,14,Kiambu,199,Limuru,1089,Limuru East
1,Kenya,31,Nairobi,150,Kibra,1090,Lindi
1,Kenya,13,Kericho,73,Bureti,1091,Litein
1,Kenya,44,Turkana,325,Turkana South,1092,Lobokat
1,Kenya,38,Samburu,294,Samburu West,1093,Lodokejek
1,Kenya,44,Turkana,322,Turkana Central,1094,Lodwar Township
1,Kenya,26,Marsabit,192,Laisamis,1095,Logo Logo
1,Kenya,44,Turkana,200,Loima,1096,Loima
1,Kenya,34,Narok,259,Narok South,1097,Loita
1,Kenya,2,Baringo,316,Tiaty,1098,Loiyamorock
1,Kenya,26,Marsabit,192,Laisamis,1099,Loiyangalani
1,Kenya,44,Turkana,325,Turkana South,1100,Lokichar
1,Kenya,44,Turkana,326,Turkana West,1101,Lokichoggio
1,Kenya,44,Turkana,200,Loima,1102,Lokiriama/Lorengippi
1,Kenya,48,West Pokot,138,Kapenguria,1103,Lokori/Kochodin
1,Kenya,34,Narok,157,Kilgoris,1104,Lolgorian
1,Kenya,48,West Pokot,297,Sigor,1105,Lomut
1,Kenya,13,Kericho,166,Kipkelion East,1106,Londiani
1,Kenya,32,Nakuru,253,Nakuru Town East,1107,London
1,Kenya,3,Bomet,66,Bomet East,1108,Longisa
1,Kenya,38,Samburu,294,Samburu West,1109,Loosuk
1,Kenya,44,Turkana,326,Turkana West,1110,Lopur
1,Kenya,23,Machakos,143,Kathiani,1111,Lower Kaewa/Kaani
1,Kenya,31,Nairobi,89,Embakasi East,1112,Lower Savannah
1,Kenya,46,Vihiga,201,Luanda,1113,Luanda South
1,Kenya,46,Vihiga,201,Luanda,1114,Luanda Township
1,Kenya,31,Nairobi,286,Ruaraka,1115,Lucky Summer
1,Kenya,46,Vihiga,330,Vihiga,1116,Lugaga-Wamuluma
1,Kenya,4,Bungoma,202,Lugari,1117,Lugari
1,Kenya,4,Bungoma,202,Lugari,1118,Lumakanda
1,Kenya,12,Kakamega,243,Mumias East,1119,Lusheya/Lubinu
1,Kenya,4,Bungoma,299,Sirisia,1120,Lwandanyi
1,Kenya,12,Kakamega,203,Lugari,1121,Lwandeti
1,Kenya,46,Vihiga,289,Sabatia,1122,Lyaduywa/Izava
1,Kenya,8,Garissa,188,Lagdera,1123,Maalimin
1,Kenya,31,Nairobi,223,Mathare,1124,Mabatini
1,Kenya,28,Migori,274,Nyatike,1125,Macalder/Kanyarwanda
1,Kenya,23,Machakos,207,Machakos Town,1126,Machakos Central
1,Kenya,43,Trans Nzoia,290,Saboti,1127,Machewa
1,Kenya,20,Kwale,163,Kinango,1128,Mackinnon Road
1,Kenya,41,Tana River,72,Bura,1129,Madogo
1,Kenya,4,Bungoma,161,Kimilili,1130,Maeni
1,Kenya,11,Kajiado,131,Kajiado West,1131,Magadi
1,Kenya,15,Kilifi,208,Magarini,1132,Magarini
1,Kenya,17,Kisii,63,Bomachoge Borabu,1133,Magenche
1,Kenya,29,Mombasa,169,Kisauni,1134,Magogoni
1,Kenya,35,Nyamira,180,Kitutu Masaba,1135,Magombo
1,Kenya,42,Tharaka-Nithi,82,Chuka/Igambang'Ombe,1136,Magumoni
1,Kenya,36,Nyandarua,164,Kinangop,1137,Magumu
1,Kenya,37,Nyeri,225,Mathira,1138,Magutu
1,Kenya,35,Nyamira,268,North Mugirango,1139,Magwagwa
1,Kenya,12,Kakamega,205,Lurambi,1140,Mahiakalo
1,Kenya,37,Nyeri,278,Othaya,1141,Mahiga
1,Kenya,40,Taita Taveta,310,Taveta,1142,Mahoo
1,Kenya,32,Nakuru,252,Naivasha,1143,Mai Mahiu
1,Kenya,32,Nakuru,252,Naivasha,1144,Maiella
1,Kenya,26,Marsabit,266,North Horr,1145,Maikona
1,Kenya,29,Mombasa,245,Mvita,1146,Majengo
1,Kenya,34,Narok,259,Narok South,1147,Majimoto/Naroosura
1,Kenya,17,Kisii,64,Bomachoge Chache,1148,Majoge Basi
1,Kenya,28,Migori,185,Kuria West,1149,Makerero
1,Kenya,7,Embu,231,Mbeere South,1150,Makima
1,Kenya,31,Nairobi,150,Kibra,1151,Makina
1,Kenya,24,Makueni,152,Kibwezi West,1152,Makindu
1,Kenya,31,Nairobi,209,Makadara,1153,Makongeni
1,Kenya,43,Trans Nzoia,80,Cherangany,1154,Makutano
1,Kenya,23,Machakos,246,Mwala,1155,Makutano/ Mwala
1,Kenya,30,Murang'a,218,Maragwa,1156,Makuyu
1,Kenya,5,Busia,311,Teso North,1157,Malaba Central
1,Kenya,5,Busia,311,Teso North,1158,Malaba North
1,Kenya,5,Busia,311,Teso North,1159,Malaba South
1,Kenya,12,Kakamega,243,Mumias East,1160,Malaha/Isongo/Makunga
1,Kenya,4,Bungoma,299,Sirisia,1161,Malakisi/South Kulisiru
1,Kenya,32,Nakuru,108,Gilgil,1162,Malewa West
1,Kenya,15,Kilifi,212,Malindi,1163,Malindi Town
1,Kenya,47,Wajir,333,Wajir North,1164,Malkagufu
1,Kenya,25,Mandera,57,Banissa,1165,Malkamari
1,Kenya,12,Kakamega,211,Malava,1166,Manda-Shivanga
1,Kenya,14,Kiambu,104,Gatundu North,1167,Mang'U
1,Kenya,35,Nyamira,180,Kitutu Masaba,1168,Manga
1,Kenya,18,Kisumu,171,Kisumu East,1169,Manyatta 'B'
1,Kenya,34,Narok,260,Narok West,1170,Mara
1,Kenya,5,Busia,75,Butula,1171,Marachi Central
1,Kenya,5,Busia,75,Butula,1172,Marachi East
1,Kenya,5,Busia,75,Butula,1173,Marachi North
1,Kenya,5,Busia,75,Butula,1174,Marachi West
1,Kenya,15,Kilifi,208,Magarini,1175,Marafa
1,Kenya,4,Bungoma,337,Webuye East,1176,Maraka
1,Kenya,4,Bungoma,135,Kanduyi,1177,Marakaru/Tuuti
1,Kenya,38,Samburu,294,Samburu West,1178,Maralal
1,Kenya,12,Kakamega,74,Butere,1179,Marama Central
1,Kenya,12,Kakamega,74,Butere,1180,Marama North
1,Kenya,12,Kakamega,74,Butere,1181,Marama South
1,Kenya,12,Kakamega,74,Butere,1182,Marama West
1,Kenya,17,Kisii,178,Kitutu Chache North,1183,Marani
1,Kenya,12,Kakamega,74,Butere,1184,Marenyo - Shianda
1,Kenya,15,Kilifi,132,Kaloleni,1185,Mariakani
1,Kenya,42,Tharaka-Nithi,82,Chuka/Igambang'Ombe,1186,Mariani
1,Kenya,32,Nakuru,236,Molo,1187,Mariashoni
1,Kenya,2,Baringo,60,Baringo South,1188,Marigat
1,Kenya,31,Nairobi,209,Makadara,1189,Maringo/Hamza
1,Kenya,18,Kisumu,170,Kisumu Central,1190,Market Milimani
1,Kenya,21,Laikipia,191,Laikipia West,1191,Marmanet
1,Kenya,26,Marsabit,291,Saku,1192,Marsabit Central
1,Kenya,40,Taita Taveta,331,Voi,1193,Marungu
1,Kenya,28,Migori,185,Kuria West,1194,Masaba
1,Kenya,8,Garissa,116,Ijara,1195,Masalani
1,Kenya,17,Kisii,62,Bobasi,1196,Masige East
1,Kenya,17,Kisii,62,Bobasi,1197,Masige West
1,Kenya,23,Machakos,246,Mwala,1198,Masii
1,Kenya,17,Kisii,273,Nyaribari Masaba,1199,Masimba
1,Kenya,23,Machakos,221,Masinga,1200,Masinga Central
1,Kenya,18,Kisumu,241,Muhoroni,1201,Masogo/Nyang'Oma
1,Kenya,24,Makueni,151,Kibwezi East,1202,Masongaleni
1,Kenya,48,West Pokot,297,Sigor,1203,Masool
1,Kenya,40,Taita Taveta,310,Taveta,1204,Mata
1,Kenya,11,Kajiado,127,Kajiado Central,1205,Matapato North
1,Kenya,11,Kajiado,127,Kajiado Central,1206,Matapato South
1,Kenya,5,Busia,222,Matayos,1207,Matayos South
1,Kenya,31,Nairobi,286,Ruaraka,1208,Mathare North
1,Kenya,19,Kitui,177,Kitui West,1209,Matinyani
1,Kenya,43,Trans Nzoia,290,Saboti,1210,Matisi
1,Kenya,31,Nairobi,88,Embakasi Central,1211,Matopeni/Spring Valley
1,Kenya,15,Kilifi,158,Kilifi North,1212,Matsangoni
1,Kenya,4,Bungoma,336,Webute West,1213,Matulo
1,Kenya,43,Trans Nzoia,96,Endebess,1214,Matumbei
1,Kenya,23,Machakos,228,Matungulu,1215,Matungulu East
1,Kenya,23,Machakos,228,Matungulu,1216,Matungulu North
1,Kenya,23,Machakos,228,Matungulu,1217,Matungulu West
1,Kenya,23,Machakos,341,Yatta,1218,Matuu
1,Kenya,32,Nakuru,265,Njoro,1219,Mau Narok
1,Kenya,27,Meru,114,Igembe South,1220,Maua
1,Kenya,32,Nakuru,265,Njoro,1221,Mauche
1,Kenya,4,Bungoma,202,Lugari,1222,Mautuma
1,Kenya,24,Makueni,210,Makueni,1223,Mavindini
1,Kenya,7,Embu,231,Mbeere South,1224,Mavuria
1,Kenya,5,Busia,222,Matayos,1225,Mayenje
1,Kenya,12,Kakamega,227,Matungu,1226,Mayoni
1,Kenya,4,Bungoma,320,Tongaren,1227,Mbakalo
1,Kenya,32,Nakuru,108,Gilgil,1228,Mbaruk/Eburu
1,Kenya,7,Embu,217,Manyatta,1229,Mbeti North
1,Kenya,7,Embu,231,Mbeere South,1230,Mbeti South
1,Kenya,27,Meru,318,Tigania West,1231,Mbeu
1,Kenya,30,Murang'a,155,Kiharu,1232,Mbiri
1,Kenya,11,Kajiado,130,Kajiado South,1233,Mbirikani/Eselenkei
1,Kenya,19,Kitui,175,Kitui Rural,1234,Mbitini
1,Kenya,24,Makueni,210,Makueni,1235,Mbitini
1,Kenya,23,Machakos,246,Mwala,1236,Mbiuni
1,Kenya,40,Taita Taveta,310,Taveta,1237,Mboghoni
1,Kenya,40,Taita Taveta,331,Voi,1238,Mbololo
1,Kenya,24,Makueni,233,Mbooni,1239,Mbooni
1,Kenya,45,Uasin Gishu,139,Kapseret,1240,Megun
1,Kenya,35,Nyamira,69,Borabu,1241,Mekenene
1,Kenya,34,Narok,259,Narok South,1242,Melelo
1,Kenya,34,Narok,258,Narok North,1243,Melili
1,Kenya,32,Nakuru,253,Nakuru Town East,1244,Menengai
1,Kenya,32,Nakuru,283,Rongai,1245,Menengai West
1,Kenya,3,Bomet,66,Bomet East,1246,Merigi
1,Kenya,6,Elgeyo-Marakwet,145,Keiyo South,1247,Metkei
1,Kenya,9,Homa Bay,232,Mbita,1248,Mfangano Island
1,Kenya,19,Kitui,173,Kitui Central,1249,Miambani
1,Kenya,18,Kisumu,170,Kisumu Central,1250,Migosi
1,Kenya,19,Kitui,251,Mwingi West,1251,Migwani
1,Kenya,31,Nairobi,89,Embakasi East,1252,Mihango
1,Kenya,4,Bungoma,337,Webuye East,1253,Mihuu
1,Kenya,29,Mombasa,120,Jomvu,1254,Mikindani
1,Kenya,41,Tana River,99,Galole,1255,Mikinduni
1,Kenya,27,Meru,317,Tigania East,1256,Mikinduri
1,Kenya,4,Bungoma,320,Tongaren,1257,Milima
1,Kenya,36,Nyandarua,277,Ol Kalou,1258,Mirangine
1,Kenya,29,Mombasa,120,Jomvu,1259,Miritini
1,Kenya,4,Bungoma,336,Webute West,1260,Misikhu
1,Kenya,23,Machakos,143,Kathiani,1261,Mitaboni
1,Kenya,42,Tharaka-Nithi,206,Maara,1262,Mitheru
1,Kenya,27,Meru,301,South Imenti,1263,Mitunguu
1,Kenya,18,Kisumu,241,Muhoroni,1264,Miwani
1,Kenya,29,Mombasa,169,Kisauni,1265,Mjambere
1,Kenya,29,Mombasa,245,Mvita,1266,Mji Wa Kale/Makadara
1,Kenya,22,Lamu,194,Lamu West,1267,Mkomani
1,Kenya,29,Mombasa,270,Nyali,1268,Mkomani
1,Kenya,20,Kwale,226,Matuga,1269,Mkongani
1,Kenya,22,Lamu,194,Lamu West,1270,Mkunumbi
1,Kenya,31,Nairobi,223,Mathare,1271,Mlango Kubwa
1,Kenya,48,West Pokot,138,Kapenguria,1272,Mnagei
1,Kenya,15,Kilifi,158,Kilifi North,1273,Mnarani
1,Kenya,2,Baringo,60,Baringo South,1274,Mochongoi
1,Kenya,8,Garissa,188,Lagdera,1275,Modogashe
1,Kenya,3,Bomet,181,Konoin,1276,Mogogosiek
1,Kenya,34,Narok,95,Emurua Dikirr,1277,Mogondo
1,Kenya,2,Baringo,234,Mogotio,1278,Mogotio
1,Kenya,45,Uasin Gishu,303,Soy,1279,Moi'S Bridge
1,Kenya,45,Uasin Gishu,235,Moiben,1280,Moiben
1,Kenya,6,Elgeyo-Marakwet,220,Marakwet West,1281,Moiben/Kuserwo
1,Kenya,32,Nakuru,236,Molo,1282,Molo
1,Kenya,17,Kisii,178,Kitutu Chache North,1283,Monyerero
1,Kenya,25,Mandera,214,Mandera North,1284,Morothile
1,Kenya,11,Kajiado,131,Kajiado West,1285,Mosiro
1,Kenya,34,Narok,257,Narok East,1286,Mosiro
1,Kenya,32,Nakuru,283,Rongai,1287,Mosop
1,Kenya,17,Kisii,302,South Mugirango,1288,Moticho
1,Kenya,43,Trans Nzoia,80,Cherangany,1289,Motosiet
1,Kenya,31,Nairobi,339,Westlands,1290,Mountain View
1,Kenya,31,Nairobi,92,Embakasi West,1291,Mowlem
1,Kenya,26,Marsabit,238,Moyale,1292,Moyale Township
1,Kenya,15,Kilifi,159,Kilifi South,1293,Mtepeni
1,Kenya,24,Makueni,151,Kibwezi East,1294,Mtito Andei
1,Kenya,29,Mombasa,197,Likoni,1295,Mtongwe
1,Kenya,29,Mombasa,169,Kisauni,1296,Mtopanga
1,Kenya,23,Machakos,207,Machakos Town,1297,Mua
1,Kenya,14,Kiambu,148,Kiambaa,1298,Muchatha
1,Kenya,21,Laikipia,190,Laikipia North,1299,Mugogodo East
1,Kenya,21,Laikipia,190,Laikipia North,1300,Mugogodo West
1,Kenya,30,Murang'a,155,Kiharu,1301,Mugoiri
1,Kenya,14,Kiambu,122,Kabete,1302,Muguga
1,Kenya,30,Murang'a,103,Gatanga,1303,Mugumo-Ini
1,Kenya,31,Nairobi,195,Langata,1304,Mugumu-Ini
1,Kenya,37,Nyeri,153,Kieni,1305,Mugunda
1,Kenya,30,Murang'a,136,Kangema,1306,Muguru
1,Kenya,42,Tharaka-Nithi,82,Chuka/Igambang'Ombe,1307,Mugwe
1,Kenya,18,Kisumu,241,Muhoroni,1308,Muhoroni/Koru
1,Kenya,46,Vihiga,110,Hamisi,1309,Muhudu
1,Kenya,28,Migori,274,Nyatike,1310,Muhuru
1,Kenya,19,Kitui,249,Mwingi Central,1311,Mui
1,Kenya,24,Makueni,160,Kilome,1312,Mukaa
1,Kenya,42,Tharaka-Nithi,314,Tharaka,1313,Mukothima
1,Kenya,16,Kirinyaga,264,Ndia,1314,Mukure
1,Kenya,37,Nyeri,242,Mukurweini,1315,Mukurwe-Ini Central
1,Kenya,37,Nyeri,242,Mukurweini,1316,Mukurwe-Ini West
1,Kenya,2,Baringo,60,Baringo South,1317,Mukutani
1,Kenya,4,Bungoma,124,Kabuchai,1318,Mukuyuni
1,Kenya,19,Kitui,175,Kitui Rural,1319,Mulango
1,Kenya,2,Baringo,86,Eldama Ravine,1320,Mumberes/Maji Mazuri
1,Kenya,23,Machakos,207,Machakos Town,1321,Mumbuni North
1,Kenya,12,Kakamega,244,Mumias West,1322,Mumias Central
1,Kenya,12,Kakamega,244,Mumias West,1323,Mumias North
1,Kenya,7,Embu,230,Mbeere North,1324,Muminji
1,Kenya,19,Kitui,250,Mwingi North,1325,Mumoni
1,Kenya,46,Vihiga,330,Vihiga,1326,Mungoma
1,Kenya,27,Meru,267,North Imenti,1327,Municipality
1,Kenya,30,Murang'a,155,Kiharu,1328,Murarandia
1,Kenya,14,Kiambu,121,Juja,1329,Murera
1,Kenya,12,Kakamega,296,Shinyalu,1330,Murhanda
1,Kenya,32,Nakuru,108,Gilgil,1331,Murindati
1,Kenya,16,Kirinyaga,248,Mwea,1332,Murinduko
1,Kenya,30,Murang'a,134,Kandara,1333,Muruka
1,Kenya,36,Nyandarua,164,Kinangop,1334,Murungaru
1,Kenya,12,Kakamega,244,Mumias West,1335,Musanda
1,Kenya,4,Bungoma,135,Kanduyi,1336,Musikoma
1,Kenya,3,Bomet,65,Bomet Central,1337,Mutarakwa
1,Kenya,19,Kitui,176,Kitui South,1338,Mutha
1,Kenya,42,Tharaka-Nithi,206,Maara,1339,Muthambi
1,Kenya,27,Meru,317,Tigania East,1340,Muthara
1,Kenya,23,Machakos,221,Masinga,1341,Muthesya
1,Kenya,23,Machakos,246,Mwala,1342,Muthetheni
1,Kenya,30,Murang'a,154,Kigumo,1343,Muthithi
1,Kenya,23,Machakos,229,Mavoko,1344,Muthwani
1,Kenya,16,Kirinyaga,168,Kirinyaga Central,1345,Mutira
1,Kenya,16,Kirinyaga,248,Mwea,1346,Mutithi
1,Kenya,19,Kitui,174,Kitui East,1347,Mutito/Kaliku
1,Kenya,23,Machakos,207,Machakos Town,1348,Mutituni
1,Kenya,19,Kitui,176,Kitui South,1349,Mutomo
1,Kenya,19,Kitui,177,Kitui West,1350,Mutonguni
1,Kenya,31,Nairobi,85,Dagoretti South,1351,Mutu-Ini
1,Kenya,24,Makueni,210,Makueni,1352,Muvau/Kikuumini
1,Kenya,23,Machakos,207,Machakos Town,1353,Muvuti/Kiima-Kimwe
1,Kenya,29,Mombasa,169,Kisauni,1354,Mwakirunge
1,Kenya,15,Kilifi,132,Kaloleni,1355,Mwanamwinga
1,Kenya,40,Taita Taveta,340,Wundanyi,1356,Mwanda/Mgange
1,Kenya,27,Meru,77,Central Imenti,1357,Mwanganthia
1,Kenya,15,Kilifi,159,Kilifi South,1358,Mwarakaya
1,Kenya,40,Taita Taveta,247,Mwatate,1359,Mwatate
1,Kenya,20,Kwale,163,Kinango,1360,Mwavumbo
1,Kenya,15,Kilifi,280,Rabai,1361,Mwawesa
1,Kenya,7,Embu,231,Mbeere South,1362,Mwea
1,Kenya,37,Nyeri,153,Kieni,1363,Mweiga
1,Kenya,20,Kwale,204,Lungalunga,1364,Mwereni
1,Kenya,46,Vihiga,201,Luanda,1365,Mwibona
1,Kenya,31,Nairobi,141,Kasarani,1366,Mwiki
1,Kenya,42,Tharaka-Nithi,206,Maara,1367,Mwimbi
1,Kenya,37,Nyeri,153,Kieni,1368,Mwiyogo/Endarasha
1,Kenya,27,Meru,113,Igembe North,1369,Naathu
1,Kenya,43,Trans Nzoia,162,Kiminini,1370,Nabiswa
1,Kenya,38,Samburu,293,Samburu North,1371,Nachola
1,Kenya,14,Kiambu,156,Kikuyu,1372,Nachu
1,Kenya,34,Narok,260,Narok West,1373,Naikarra
1,Kenya,31,Nairobi,304,Starehe,1374,Nairobi Central
1,Kenya,31,Nairobi,304,Starehe,1375,Nairobi South
1,Kenya,31,Nairobi,195,Langata,1376,Nairobi West
1,Kenya,4,Bungoma,320,Tongaren,1377,Naitiri/Kabuyefwe
1,Kenya,32,Nakuru,252,Naivasha,1378,Naivasha East
1,Kenya,44,Turkana,324,Turkana North,1379,Nakalale
1,Kenya,32,Nakuru,253,Nakuru Town East,1380,Nakuru East
1,Kenya,12,Kakamega,227,Matungu,1381,Namamali
1,Kenya,5,Busia,255,Nambale,1382,Nambale Township
1,Kenya,5,Busia,98,Funyula,1383,Namboboto Nambuku
1,Kenya,4,Bungoma,299,Sirisia,1384,Namwela
1,Kenya,44,Turkana,326,Turkana West,1385,Nanaam
1,Kenya,33,Nandi,256,Nandi Hills,1386,Nandi Hills
1,Kenya,5,Busia,98,Funyula,1387,Nangina
1,Kenya,8,Garissa,97,Fafi,1388,Nanighi
1,Kenya,21,Laikipia,189,Laikipia East,1389,Nanyuki
1,Kenya,34,Narok,258,Narok North,1390,Narok Town
1,Kenya,37,Nyeri,153,Kieni,1391,Naromoru Kiamathaga
1,Kenya,23,Machakos,341,Yatta,1392,Ndalani
1,Kenya,33,Nandi,237,Mosop,1393,Ndalat
1,Kenya,4,Bungoma,320,Tongaren,1394,Ndalu/ Tabani
1,Kenya,3,Bomet,300,Sotik,1395,Ndanai/Abosi
1,Kenya,3,Bomet,65,Bomet Central,1396,Ndaraweta
1,Kenya,14,Kiambu,105,Gatundu South,1397,Ndarugu
1,Kenya,20,Kwale,163,Kinango,1398,Ndavaya
1,Kenya,14,Kiambu,199,Limuru,1399,Ndeiya
1,Kenya,14,Kiambu,148,Kiambaa,1400,Ndenderu
1,Kenya,23,Machakos,221,Masinga,1401,Ndithini
1,Kenya,4,Bungoma,337,Webuye East,1402,Ndivisi
1,Kenya,38,Samburu,293,Samburu North,1403,Ndoto
1,Kenya,14,Kiambu,149,Kiambu,1404,Ndumberi
1,Kenya,25,Mandera,213,Mandera East,1405,Neboi
1,Kenya,32,Nakuru,265,Njoro,1406,Nessuit
1,Kenya,30,Murang'a,134,Kandara,1407,Ng'Araria
1,Kenya,31,Nairobi,85,Dagoretti South,1408,Ngando
1,Kenya,31,Nairobi,304,Starehe,1409,Ngara
1,Kenya,10,Isiolo,118,Isiolo North,1410,Ngare Mara
1,Kenya,16,Kirinyaga,107,Gichugu,1411,Ngariama
1,Kenya,14,Kiambu,199,Limuru,1412,Ngecha Tigoni
1,Kenya,14,Kiambu,105,Gatundu South,1413,Ngenda
1,Kenya,45,Uasin Gishu,321,Turbo,1414,Ngenyilel
1,Kenya,45,Uasin Gishu,139,Kapseret,1415,Ngeria
1,Kenya,14,Kiambu,109,Githunguri,1416,Ngewa
1,Kenya,7,Embu,217,Manyatta,1417,Nginda
1,Kenya,30,Murang'a,218,Maragwa,1418,Nginda
1,Kenya,21,Laikipia,189,Laikipia East,1419,Ngobit
1,Kenya,40,Taita Taveta,331,Voi,1420,Ngolia
1,Kenya,14,Kiambu,315,Thika Town,1421,Ngoliba
1,Kenya,19,Kitui,250,Mwingi North,1422,Ngomeni
1,Kenya,11,Kajiado,129,Kajiado North,1423,Ngong
1,Kenya,19,Kitui,249,Mwingi Central,1424,Nguni
1,Kenya,24,Makueni,152,Kibwezi West,1425,Nguu/Masumba
1,Kenya,24,Makueni,152,Kibwezi West,1426,Nguumo
1,Kenya,19,Kitui,251,Mwingi West,1427,Nguutani
1,Kenya,36,Nyandarua,164,Kinangop,1428,Njabini\Kiburu
1,Kenya,27,Meru,112,Igembe Central,1429,Njia
1,Kenya,31,Nairobi,141,Kasarani,1430,Njiru
1,Kenya,32,Nakuru,265,Njoro,1431,Njoro
1,Kenya,16,Kirinyaga,107,Gichugu,1432,Njukiini
1,Kenya,11,Kajiado,129,Kajiado North,1433,Nkaimurunya
1,Kenya,34,Narok,258,Narok North,1434,Nkareta
1,Kenya,27,Meru,318,Tigania West,1435,Nkomo
1,Kenya,42,Tharaka-Nithi,314,Tharaka,1436,Nkondi
1,Kenya,27,Meru,301,South Imenti,1437,Nkuene
1,Kenya,39,Siaya,53,Alego Usonga,1438,North Alego
1,Kenya,46,Vihiga,94,Emuhaya,1439,North East Bunyore
1,Kenya,39,Siaya,106,Gem,1440,North Gem
1,Kenya,26,Marsabit,266,North Horr,1441,North Horr
1,Kenya,28,Migori,274,Nyatike,1442,North Kadem
1,Kenya,28,Migori,284,Rongo,1443,North Kamagambo
1,Kenya,28,Migori,329,Uriri,1444,North Kanyamkago
1,Kenya,9,Homa Bay,140,Karachuonyo,1445,North Karachuonyo
1,Kenya,36,Nyandarua,164,Kinangop,1446,North Kinangop
1,Kenya,46,Vihiga,289,Sabatia,1447,North Maragoli
1,Kenya,18,Kisumu,269,Nyakach,1448,North Nyakach
1,Kenya,28,Migori,54,Awendo,1449,North Sakwa
1,Kenya,39,Siaya,68,Bondo,1450,North Sakwa
1,Kenya,18,Kisumu,295,Seme,1451,North Seme
1,Kenya,39,Siaya,327,Ugenya,1452,North Ugenya
1,Kenya,39,Siaya,282,Rarieda,1453,North Uyoma
1,Kenya,18,Kisumu,172,Kisumu West,1454,North West Kisumu
1,Kenya,7,Embu,230,Mbeere North,1455,Nthawa
1,Kenya,27,Meru,267,North Imenti,1456,Ntima East
1,Kenya,27,Meru,267,North Imenti,1457,Ntima West
1,Kenya,28,Migori,184,Kuria East,1458,Ntimaru East
1,Kenya,28,Migori,184,Kuria East,1459,Ntimaru West
1,Kenya,27,Meru,113,Igembe North,1460,Ntunene
1,Kenya,19,Kitui,249,Mwingi Central,1461,Nuu
1,Kenya,28,Migori,184,Kuria East,1462,Nyabasi East
1,Kenya,28,Migori,184,Kuria East,1463,Nyabasi West
1,Kenya,17,Kisii,62,Bobasi,1464,Nyacheki
1,Kenya,14,Kiambu,122,Kabete,1465,Nyadhuna
1,Kenya,27,Meru,267,North Imenti,1466,Nyaki East
1,Kenya,27,Meru,267,North Imenti,1467,Nyaki West
1,Kenya,36,Nyandarua,164,Kinangop,1468,Nyakio
1,Kenya,17,Kisii,179,Kitutu Chache South,1469,Nyakoe
1,Kenya,18,Kisumu,170,Kisumu Central,1470,Nyalenda 'A'
1,Kenya,18,Kisumu,170,Kisumu Central,1471,Nyalenda B
1,Kenya,35,Nyamira,338,West Mugirango,1472,Nyamaiya
1,Kenya,17,Kisii,273,Nyaribari Masaba,1473,Nyamasibi
1,Kenya,28,Migori,185,Kuria West,1474,Nyamosense/Komosoko
1,Kenya,14,Kiambu,196,Lari,1475,Nyanduma
1,Kenya,16,Kirinyaga,248,Mwea,1476,Nyangati
1,Kenya,3,Bomet,79,Chepalungu,1477,Nyangores
1,Kenya,35,Nyamira,69,Borabu,1478,Nyansiongo
1,Kenya,17,Kisii,179,Kitutu Chache South,1479,Nyatieko
1,Kenya,31,Nairobi,150,Kibra,1480,Nyayo Highrise
1,Kenya,38,Samburu,293,Samburu North,1481,Nyiro
1,Kenya,32,Nakuru,182,Kuresoi North,1482,Nyota
1,Kenya,19,Kitui,174,Kitui East,1483,Nzambani
1,Kenya,24,Makueni,210,Makueni,1484,Nzaui/Kilili/Kalamba
1,Kenya,4,Bungoma,198,Likuyani,1485,Nzoia
1,Kenya,26,Marsabit,238,Moyale,1486,Obbu
1,Kenya,33,Nandi,256,Nandi Hills,1487,Ol'Lessos
1,Kenya,21,Laikipia,191,Laikipia West,1488,Ol-Moran
1,Kenya,10,Isiolo,118,Isiolo North,1489,Oldo/Nyiro
1,Kenya,32,Nakuru,252,Naivasha,1490,Olkaria
1,Kenya,11,Kajiado,129,Kajiado North,1491,Olkeri
1,Kenya,34,Narok,258,Narok North,1492,Olokurto
1,Kenya,34,Narok,95,Emurua Dikirr,1493,Ololmasani
1,Kenya,34,Narok,259,Narok South,1494,Ololulung'A
1,Kenya,11,Kajiado,129,Kajiado North,1495,Oloolua
1,Kenya,11,Kajiado,128,Kajiado East,1496,Oloosirkon/Sholinke
1,Kenya,34,Narok,258,Narok North,1497,Olorropil
1,Kenya,34,Narok,258,Narok North,1498,Olpusimoru
1,Kenya,18,Kisumu,241,Muhoroni,1499,Ombeyi
1,Kenya,11,Kajiado,129,Kajiado North,1500,Ongata Rongai
1,Kenya,31,Nairobi,304,Starehe,1501,Pangani
1,Kenya,31,Nairobi,339,Westlands,1502,Parklands/Highridge
1,Kenya,31,Nairobi,91,Embakasi South,1503,Pipeline
1,Kenya,20,Kwale,204,Lungalunga,1504,Pongwe/Kikoneni
1,Kenya,38,Samburu,294,Samburu West,1505,Poro
1,Kenya,29,Mombasa,78,Changamwe,1506,Port Reitz
1,Kenya,20,Kwale,163,Kinango,1507,Puma
1,Kenya,31,Nairobi,133,Kamukunji,1508,Pumwani
1,Kenya,11,Kajiado,127,Kajiado Central,1509,Purko
1,Kenya,15,Kilifi,280,Rabai,1510,Rabai/Kisurutini
1,Kenya,45,Uasin Gishu,146,Kesses,1511,Racecourse
1,Kenya,28,Migori,308,Suna West,1512,Ragana-Oruba
1,Kenya,18,Kisumu,170,Kisumu Central,1513,Railways
1,Kenya,20,Kwale,239,Msambweni,1514,Ramisi
1,Kenya,2,Baringo,86,Eldama Ravine,1515,Ravine
1,Kenya,25,Mandera,214,Mandera North,1516,Rhamu
1,Kenya,25,Mandera,214,Mandera North,1517,Rhamu-Dimtu
1,Kenya,32,Nakuru,254,Nakuru Town West,1518,Rhoda
1,Kenya,14,Kiambu,149,Kiambu,1519,Riabai
1,Kenya,17,Kisii,67,Bonchari,1520,Riana
1,Kenya,2,Baringo,316,Tiaty,1521,Ribkwo
1,Kenya,35,Nyamira,180,Kitutu Masaba,1522,Rigoma
1,Kenya,31,Nairobi,85,Dagoretti South,1523,Riruta
1,Kenya,11,Kajiado,130,Kajiado South,1524,Rombo
1,Kenya,40,Taita Taveta,247,Mwatate,1525,Rong'E
1,Kenya,3,Bomet,300,Sotik,1526,Rongena/Manaret
1,Kenya,31,Nairobi,285,Roysambu,1527,Roysambu
1,Kenya,31,Nairobi,141,Kasarani,1528,Ruai
1,Kenya,30,Murang'a,134,Kandara,1529,Ruchu
1,Kenya,37,Nyeri,242,Mukurweini,1530,Rugi
1,Kenya,37,Nyeri,225,Mathira,1531,Ruguru
1,Kenya,7,Embu,217,Manyatta,1532,Ruguru/Ngandori
1,Kenya,27,Meru,76,Buuri,1533,Ruiri/Rwarera
1,Kenya,9,Homa Bay,305,Suba,1534,Ruma-Kaksingri
1,Kenya,21,Laikipia,191,Laikipia West,1535,Rumuruti Township
1,Kenya,36,Nyandarua,277,Ol Kalou,1536,Rurii
1,Kenya,37,Nyeri,275,Nyeri Town,1537,Ruring'U
1,Kenya,15,Kilifi,280,Rabai,1538,Ruruma
1,Kenya,9,Homa Bay,232,Mbita,1539,Rusinga Island
1,Kenya,37,Nyeri,275,Nyeri Town,1540,Rware
1,Kenya,30,Murang'a,136,Kangema,1541,Rwathia
1,Kenya,15,Kilifi,212,Malindi,1542,Sabaki
1,Kenya,8,Garissa,188,Lagdera,1543,Sabena
1,Kenya,43,Trans Nzoia,290,Saboti,1544,Saboti
1,Kenya,2,Baringo,58,Baringo Central,1545,Sacho
1,Kenya,40,Taita Taveta,331,Voi,1546,Sagalla
1,Kenya,34,Narok,259,Narok South,1547,Sagamian
1,Kenya,26,Marsabit,291,Saku,1548,Sagante/Jaldesa
1,Kenya,2,Baringo,59,Baringo North,1549,Saimo/Kipsaraman
1,Kenya,2,Baringo,59,Baringo North,1550,Saimo/Soi
1,Kenya,8,Garissa,56,Balambala,1551,Saka
1,Kenya,41,Tana River,72,Bura,1552,Sala
1,Kenya,21,Laikipia,191,Laikipia West,1553,Salama
1,Kenya,6,Elgeyo-Marakwet,219,Marakwet East,1554,Sambirir
1,Kenya,17,Kisii,62,Bobasi,1555,Sameta/Mokwerero
1,Kenya,8,Garissa,116,Ijara,1556,Sangailu
1,Kenya,33,Nandi,237,Mosop,1557,Sangalo/Kebulonik
1,Kenya,4,Bungoma,198,Likuyani,1558,Sango
1,Kenya,8,Garissa,56,Balambala,1559,Sankuri
1,Kenya,31,Nairobi,150,Kibra,1560,Sarangombe
1,Kenya,47,Wajir,309,Tarbaj,1561,Sarman
1,Kenya,21,Laikipia,190,Laikipia North,1562,Segera
1,Kenya,45,Uasin Gishu,303,Soy,1563,Segero/Barsombe
1,Kenya,48,West Pokot,297,Sigor,1564,Sekerr
1,Kenya,6,Elgeyo-Marakwet,220,Marakwet West,1565,Sengwer
1,Kenya,17,Kisii,178,Kitutu Chache North,1566,Sensi
1,Kenya,45,Uasin Gishu,235,Moiben,1567,Sergoit
1,Kenya,10,Isiolo,119,Isiolo South,1568,Sericho
1,Kenya,32,Nakuru,254,Nakuru Town West,1569,Shaabab
1,Kenya,46,Vihiga,110,Hamisi,1570,Shamakhokho
1,Kenya,36,Nyandarua,262,Ndaragwa,1571,Shamata
1,Kenya,34,Narok,157,Kilgoris,1572,Shankoe
1,Kenya,29,Mombasa,169,Kisauni,1573,Shanzu
1,Kenya,18,Kisumu,170,Kisumu Central,1574,Shaurimoyo Kaloleni
1,Kenya,15,Kilifi,212,Malindi,1575,Shella
1,Kenya,22,Lamu,194,Lamu West,1576,Shella
1,Kenya,12,Kakamega,205,Lurambi,1577,Sheywe
1,Kenya,29,Mombasa,197,Likoni,1578,Shika Adabu
1,Kenya,29,Mombasa,245,Mvita,1579,Shimanzi/Ganjoni
1,Kenya,25,Mandera,215,Mandera South,1580,Shimbir Fatuma
1,Kenya,15,Kilifi,159,Kilifi South,1581,Shimo La Tewa
1,Kenya,12,Kakamega,261,Navakholo,1582,Shinoyi-Shikomari-Esumeyia
1,Kenya,12,Kakamega,205,Lurambi,1583,Shirere
1,Kenya,46,Vihiga,110,Hamisi,1584,Shiru
1,Kenya,12,Kakamega,211,Malava,1585,Shirugu-Mugai
1,Kenya,34,Narok,260,Narok West,1586,Siana
1,Kenya,39,Siaya,53,Alego Usonga,1587,Siaya Township
1,Kenya,4,Bungoma,71,Bumula,1588,Siboti
1,Kenya,39,Siaya,328,Ugunja,1589,Sidindi
1,Kenya,39,Siaya,328,Ugunja,1590,Sigomere
1,Kenya,14,Kiambu,156,Kikuyu,1591,Sigona
1,Kenya,3,Bomet,79,Chepalungu,1592,Sigor
1,Kenya,13,Kericho,298,Sigowet/Soin,1593,Sigowet
1,Kenya,43,Trans Nzoia,162,Kiminini,1594,Sikhendu
1,Kenya,2,Baringo,316,Tiaty,1595,Silale
1,Kenya,3,Bomet,65,Bomet Central,1596,Silibwet Township
1,Kenya,45,Uasin Gishu,139,Kapseret,1597,Simat/Kapseret
1,Kenya,3,Bomet,65,Bomet Central,1598,Singorwet
1,Kenya,4,Bungoma,198,Likuyani,1599,Sinoko
1,Kenya,43,Trans Nzoia,80,Cherangany,1600,Sinyerere
1,Kenya,3,Bomet,79,Chepalungu,1601,Siongiroi
1,Kenya,43,Trans Nzoia,162,Kiminini,1602,Sirende
1,Kenya,32,Nakuru,182,Kuresoi North,1603,Sirikwa
1,Kenya,43,Trans Nzoia,80,Cherangany,1604,Sitatunga
1,Kenya,4,Bungoma,336,Webute West,1605,Sitikho
1,Kenya,48,West Pokot,138,Kapenguria,1606,Siyoi
1,Kenya,34,Narok,259,Narok South,1607,Sogoo
1,Kenya,13,Kericho,298,Sigowet/Soin,1608,Soin
1,Kenya,32,Nakuru,283,Rongai,1609,Soin
1,Kenya,15,Kilifi,100,Ganze,1610,Sokoke
1,Kenya,15,Kilifi,158,Kilifi North,1611,Sokoni
1,Kenya,32,Nakuru,283,Rongai,1612,Solai
1,Kenya,13,Kericho,298,Sigowet/Soin,1613,Soliat
1,Kenya,26,Marsabit,238,Moyale,1614,Sololo
1,Kenya,33,Nandi,319,Tinderet,1615,Songhor/Soba
1,Kenya,44,Turkana,326,Turkana West,1616,Songot
1,Kenya,48,West Pokot,138,Kapenguria,1617,Sook
1,Kenya,21,Laikipia,190,Laikipia North,1618,Sosian
1,Kenya,4,Bungoma,71,Bumula,1619,South Bukusu
1,Kenya,31,Nairobi,195,Langata,1620,South C
1,Kenya,39,Siaya,53,Alego Usonga,1621,South East Alego
1,Kenya,18,Kisumu,269,Nyakach,1622,South East Nyakach
1,Kenya,39,Siaya,106,Gem,1623,South Gem
1,Kenya,12,Kakamega,211,Malava,1624,South Kabras
1,Kenya,28,Migori,284,Rongo,1625,South Kamagambo
1,Kenya,28,Migori,329,Uriri,1626,South Kanyamkago
1,Kenya,9,Homa Bay,142,Kasipul,1627,South Kasipul
1,Kenya,46,Vihiga,330,Vihiga,1628,South Maragoli
1,Kenya,28,Migori,54,Awendo,1629,South Sakwa
1,Kenya,39,Siaya,68,Bondo,1630,South Sakwa
1,Kenya,39,Siaya,282,Rarieda,1631,South Uyoma
1,Kenya,18,Kisumu,172,Kisumu West,1632,South West Kisumu
1,Kenya,18,Kisumu,269,Nyakach,1633,South West Nyakach
1,Kenya,45,Uasin Gishu,303,Soy,1634,Soy
1,Kenya,6,Elgeyo-Marakwet,145,Keiyo South,1635,Soy North
1,Kenya,6,Elgeyo-Marakwet,145,Keiyo South,1636,Soy South
1,Kenya,4,Bungoma,320,Tongaren,1637,Soysambu/ Mitua
1,Kenya,48,West Pokot,125,Kacheliba,1638,Suam
1,Kenya,32,Nakuru,306,Subukia,1639,Subukia
1,Kenya,38,Samburu,294,Samburu West,1640,Suguta Marmar
1,Kenya,28,Migori,307,Suna East,1641,Suna Central
1,Kenya,34,Narok,257,Narok East,1642,Suswa
1,Kenya,23,Machakos,229,Mavoko,1643,Syokimau/Mulolongo
1,Kenya,17,Kisii,302,South Mugirango,1644,Tabaka
1,Kenya,28,Migori,185,Kuria West,1645,Tagare
1,Kenya,25,Mandera,216,Mandera West,1646,Takaba
1,Kenya,25,Mandera,216,Mandera West,1647,Takaba South
1,Kenya,23,Machakos,228,Matungulu,1648,Tala
1,Kenya,6,Elgeyo-Marakwet,144,Keiyo North,1649,Tambach
1,Kenya,46,Vihiga,110,Hamisi,1650,Tambua
1,Kenya,2,Baringo,316,Tiaty,1651,Tangulbei/Korossi
1,Kenya,48,West Pokot,279,Pokot South,1652,Tapach
1,Kenya,45,Uasin Gishu,321,Turbo,1653,Tapsagoi
1,Kenya,45,Uasin Gishu,146,Kesses,1654,Tarakwa
1,Kenya,47,Wajir,309,Tarbaj,1655,Tarbaj
1,Kenya,16,Kirinyaga,248,Mwea,1656,Tebere
1,Kenya,13,Kericho,73,Bureti,1657,Tebesonik
1,Kenya,45,Uasin Gishu,235,Moiben,1658,Tembelio
1,Kenya,13,Kericho,166,Kipkelion East,1659,Tendeno/Sorget
1,Kenya,2,Baringo,58,Baringo Central,1660,Tenges
1,Kenya,33,Nandi,52,Aldai,1661,Terik
1,Kenya,15,Kilifi,158,Kilifi North,1662,Tezo
1,Kenya,27,Meru,317,Tigania East,1663,Thangatha
1,Kenya,24,Makueni,151,Kibwezi East,1664,Thange
1,Kenya,19,Kitui,250,Mwingi North,1665,Tharaka
1,Kenya,37,Nyeri,153,Kieni,1666,Thegu River
1,Kenya,14,Kiambu,121,Juja,1667,Theta
1,Kenya,16,Kirinyaga,248,Mwea,1668,Thiba
1,Kenya,21,Laikipia,189,Laikipia East,1669,Thingithu
1,Kenya,21,Laikipia,189,Laikipia East,1670,Tigithi
1,Kenya,27,Meru,76,Buuri,1671,Timau
1,Kenya,29,Mombasa,197,Likoni,1672,Timbwani
1,Kenya,33,Nandi,319,Tinderet,1673,Tindiret
1,Kenya,32,Nakuru,183,Kuresoi South,1674,Tinet
1,Kenya,14,Kiambu,149,Kiambu,1675,Ting'Ang'A
1,Kenya,2,Baringo,316,Tiaty,1676,Tirioko
1,Kenya,20,Kwale,226,Matuga,1677,Tiwi
1,Kenya,4,Bungoma,320,Tongaren,1678,Tongaren
1,Kenya,29,Mombasa,245,Mvita,1679,Tononoka
1,Kenya,4,Bungoma,135,Kanduyi,1680,Township
1,Kenya,8,Garissa,101,Garissa Township,1681,Township
1,Kenya,14,Kiambu,149,Kiambu,1682,Township
1,Kenya,14,Kiambu,315,Thika Town,1683,Township
1,Kenya,19,Kitui,173,Kitui Central,1684,Township
1,Kenya,25,Mandera,213,Mandera East,1685,Township
1,Kenya,30,Murang'a,155,Kiharu,1686,Township
1,Kenya,35,Nyamira,338,West Mugirango,1687,Township
1,Kenya,47,Wajir,332,Wajir East,1688,Township
1,Kenya,19,Kitui,250,Mwingi North,1689,Tseikuru
1,Kenya,20,Kwale,226,Matuga,1690,Tsimba Golini
1,Kenya,29,Mombasa,245,Mvita,1691,Tudor
1,Kenya,24,Makueni,233,Mbooni,1692,Tulimani
1,Kenya,45,Uasin Gishu,146,Kesses,1693,Tulwet/Chuiyat
1,Kenya,26,Marsabit,266,North Horr,1694,Turbi
1,Kenya,32,Nakuru,236,Molo,1695,Turi
1,Kenya,44,Turkana,200,Loima,1696,Turkwel
1,Kenya,43,Trans Nzoia,290,Saboti,1697,Tuwani
1,Kenya,39,Siaya,328,Ugunja,1698,Ugunja
1,Kenya,24,Makueni,126,Kaiti,1699,Ukia
1,Kenya,20,Kwale,239,Msambweni,1700,Ukunda
1,Kenya,39,Siaya,327,Ugenya,1701,Ukwala
1,Kenya,21,Laikipia,190,Laikipia North,1702,Umande
1,Kenya,31,Nairobi,92,Embakasi West,1703,Umoja I
1,Kenya,31,Nairobi,92,Embakasi West,1704,Umoja Ii
1,Kenya,23,Machakos,143,Kathiani,1705,Upper Kaewa/Iveti
1,Kenya,31,Nairobi,89,Embakasi East,1706,Upper Savannah
1,Kenya,26,Marsabit,238,Moyale,1707,Uran
1,Kenya,39,Siaya,53,Alego Usonga,1708,Usonga
1,Kenya,31,Nairobi,286,Ruaraka,1709,Utalii
1,Kenya,31,Nairobi,89,Embakasi East,1710,Utawala
1,Kenya,14,Kiambu,122,Kabete,1711,Uthiru
1,Kenya,31,Nairobi,85,Dagoretti South,1712,Uthiru/Ruthimitu
1,Kenya,20,Kwale,204,Lungalunga,1713,Vanga
1,Kenya,32,Nakuru,283,Rongai,1714,Visoi
1,Kenya,31,Nairobi,209,Makadara,1715,Viwandani
1,Kenya,32,Nakuru,252,Naivasha,1716,Viwandani
1,Kenya,19,Kitui,174,Kitui East,1717,Voo/Kyamatu
1,Kenya,20,Kwale,226,Matuga,1718,Waa
1,Kenya,10,Isiolo,118,Isiolo North,1719,Wabera
1,Kenya,8,Garissa,101,Garissa Township,1720,Waberi
1,Kenya,47,Wajir,332,Wajir East,1721,Wagberi
1,Kenya,24,Makueni,233,Mbooni,1722,Waia-Kako
1,Kenya,19,Kitui,249,Mwingi Central,1723,Waita
1,Kenya,43,Trans Nzoia,162,Kiminini,1724,Waitaluk
1,Kenya,31,Nairobi,85,Dagoretti South,1725,Waithaka
1,Kenya,13,Kericho,61,Belgut,1726,Waldai
1,Kenya,37,Nyeri,313,Tetu,1727,Wamagana
1,Kenya,38,Samburu,292,Samburu East,1728,Wamba East
1,Kenya,38,Samburu,292,Samburu East,1729,Wamba North
1,Kenya,38,Samburu,292,Samburu East,1730,Wamba West
1,Kenya,16,Kirinyaga,248,Mwea,1731,Wamumu
1,Kenya,23,Machakos,246,Mwala,1732,Wamunyu
1,Kenya,9,Homa Bay,140,Karachuonyo,1733,Wangchieng
1,Kenya,30,Murang'a,155,Kiharu,1734,Wangu
1,Kenya,36,Nyandarua,165,Kipipiri,1735,Wanjohi
1,Kenya,25,Mandera,187,Lafey,1736,Waranqara
1,Kenya,25,Mandera,215,Mandera South,1737,Wargadud
1,Kenya,47,Wajir,309,Tarbaj,1738,Wargadud
1,Kenya,32,Nakuru,306,Subukia,1739,Waseges
1,Kenya,28,Migori,308,Suna West,1740,Wasimbete
1,Kenya,38,Samburu,292,Samburu East,1741,Waso
1,Kenya,28,Migori,308,Suna West,1742,Wasweta Ii
1,Kenya,15,Kilifi,158,Kilifi North,1743,Watamu
1,Kenya,41,Tana River,99,Galole,1744,Wayu
1,Kenya,48,West Pokot,297,Sigor,1745,Weiwei
1,Kenya,46,Vihiga,201,Luanda,1746,Wemilabi
1,Kenya,36,Nyandarua,276,Ol Jorok,1747,Weru
1,Kenya,40,Taita Taveta,340,Wundanyi,1748,Werugha
1,Kenya,39,Siaya,53,Alego Usonga,1749,West Alego
1,Kenya,39,Siaya,282,Rarieda,1750,West Asembo
1,Kenya,4,Bungoma,71,Bumula,1751,West Bukusu
1,Kenya,46,Vihiga,94,Emuhaya,1752,West Bunyore
1,Kenya,9,Homa Bay,281,Rangwe,1753,West Gem
1,Kenya,39,Siaya,106,Gem,1754,West Gem
1,Kenya,12,Kakamega,211,Malava,1755,West Kabras
1,Kenya,9,Homa Bay,142,Kasipul,1756,West Kamagak
1,Kenya,28,Migori,329,Uriri,1757,West Kanyamkago
1,Kenya,9,Homa Bay,140,Karachuonyo,1758,West Karachuonyo
1,Kenya,9,Homa Bay,142,Kasipul,1759,West Kasipul
1,Kenya,18,Kisumu,172,Kisumu West,1760,West Kisumu
1,Kenya,4,Bungoma,124,Kabuchai,1761,West Nalondo
1,Kenya,18,Kisumu,269,Nyakach,1762,West Nyakach
1,Kenya,46,Vihiga,289,Sabatia,1763,West Sabatia
1,Kenya,28,Migori,54,Awendo,1764,West Sakwa
1,Kenya,39,Siaya,68,Bondo,1765,West Sakwa
1,Kenya,4,Bungoma,135,Kanduyi,1766,West Sang'Alo
1,Kenya,18,Kisumu,295,Seme,1767,West Seme
1,Kenya,39,Siaya,327,Ugenya,1768,West Ugenya
1,Kenya,39,Siaya,282,Rarieda,1769,West Uyoma
1,Kenya,39,Siaya,68,Bondo,1770,West Yimbo
1,Kenya,28,Migori,308,Suna West,1771,Wiga
1,Kenya,14,Kiambu,121,Juja,1772,Witeithie
1,Kenya,22,Lamu,194,Lamu West,1773,Witu
1,Kenya,46,Vihiga,289,Sabatia,1774,Wodanga
1,Kenya,31,Nairobi,150,Kibra,1775,Woodley/Kenyatta Golf Course
1,Kenya,24,Makueni,210,Makueni,1776,Wote
1,Kenya,40,Taita Taveta,340,Wundanyi,1777,Wumingu/Kishushe
1,Kenya,40,Taita Taveta,340,Wundanyi,1778,Wundanyi/Mbale
1,Kenya,40,Taita Taveta,247,Mwatate,1779,Wusi/Kishamba
1,Kenya,39,Siaya,106,Gem,1780,Yala Township
1,Kenya,39,Siaya,68,Bondo,1781,Yimbo East
1,Kenya,31,Nairobi,285,Roysambu,1782,Zimmerman
1,Kenya,45,Uasin Gishu,303,Soy,1783,Ziwa
1,Kenya,29,Mombasa,270,Nyali,1784,Ziwa La Ng'Ombe
1,Kenya,31,Nairobi,304,Starehe,1785,Ziwani/Kariokor
1,Kenya,19,Kitui,174,Kitui East,1786,Zombe/Mwitika
1,Kenya,25,Mandera,342,unknown 1,1787,unknown 1
1,Kenya,44,Turkana,343,unknown 2,1788,unknown 2
1,Kenya,48,West Pokot,344,unknown 3,1789,unknown 3
1,Kenya,43,Trans Nzoia,345,unknown 4,1790,unknown 4
1,Kenya,27,Meru,346,unknown 5,1791,unknown 5
1,Kenya,9,Homa Bay,347,unknown 6,1792,unknown 6
1,Kenya,23,Machakos,348,unknown 7,1793,unknown 7
1,Kenya,48,West Pokot,349,unknown 8,1794,unknown 8
