id,NAME_1,NAME_2,NAME_3,NAME_4,X,Y
1,Kitui,Mwingi North,Kyuso,Central,-0.4954397,38.1371601
2,Kitui,Mwingi North,Kyuso,Gai Central,-0.5330537,38.2036487
3,Kitui,Mwingi North,Kyuso,Gai Market,-0.5330537,38.2036487
4,Kitui,Mwingi North,Kyuso,Ikinda,-0.5330537,38.2036487
5,Kitui,Mwingi North,Kyuso,Ikirita,-0.4954397,38.1371601
6,Kitui,Mwingi North,Kyuso,Ikukumwa,-0.4954397,38.1371601
7,Kitui,Mwingi North,Kyuso,Ikunza,-0.4954397,38.1371601
8,Kitui,Mwingi North,Kyuso,Ikuuni,-0.8935464,38.0811732
9,Kitui,Mwingi North,Kyuso,Ilalambyu,-0.5330537,38.2036487
10,Kitui,Mwingi North,Kyuso,Ilamba,-0.4954397,38.1371601
11,Kitui,Mwingi North,Kyuso,Ilamba,-0.4954397,38.1371601
12,Kitui,Mwingi North,Kyuso,Ilelambyu,-0.4954397,38.1371601
13,Kitui,Mwingi North,Kyuso,Ililu,-0.4954397,38.1371601
14,Kitui,Mwingi North,Kyuso,Ithui,-0.4954397,38.1371601
15,Kitui,Mwingi North,Kyuso,Itivanzou A,-0.6572176,38.1447553
16,Kitui,Mwingi North,Kyuso,Itivanzou B,-0.6572176,38.1447553
17,Kitui,Mwingi North,Kyuso,Itulu,-0.4954397,38.1371601
18,Kitui,Mwingi North,Kyuso,Itulu,-0.4954397,38.1371601
19,Kitui,Mwingi North,Kyuso,Itundua,-0.6666667,38.1666667
20,Kitui,Mwingi North,Kyuso,Ivonangya,-0.4428582,38.3554312
21,Kitui,Mwingi North,Kyuso,Kaangae,-0.4954397,38.1371601
22,Kitui,Mwingi North,Kyuso,Kaghui,-0.6851593,38.2069194
23,Kitui,Mwingi North,Kyuso,Kairu,-0.4954397,38.1371601
24,Kitui,Mwingi North,Kyuso,Kairungu,-0.426442,38.3108952
25,Kitui,Mwingi North,Kyuso,Kaithango,-0.5330537,38.2036487
26,Kitui,Mwingi North,Kyuso,Kakoo,-0.4954397,38.1371601
27,Kitui,Mwingi North,Kyuso,Kakoongo,-0.4954397,38.1371601
28,Kitui,Mwingi North,Kyuso,Kakunike,-0.6934307,38.1179237
29,Kitui,Mwingi North,Kyuso,Kakwiro,-0.4954397,38.1371601
30,Kitui,Mwingi North,Kyuso,Kalaa,-0.4954397,38.1371601
31,Kitui,Mwingi North,Kyuso,Kaliani,-0.5055362,38.1209385
32,Kitui,Mwingi North,Kyuso,Kaliluni,-0.5330537,38.2036487
33,Kitui,Mwingi North,Kyuso,Kalole,-0.4954397,38.1371601
34,Kitui,Mwingi North,Kyuso,Kamugu,-0.4954397,38.1371601
35,Kitui,Mwingi North,Kyuso,Kamula,-0.4495705,38.3271112
36,Kitui,Mwingi North,Kyuso,Kamuthusi,-0.4954397,38.1371601
37,Kitui,Mwingi North,Kyuso,Kamutukya,-0.4954397,38.1371601
38,Kitui,Mwingi North,Kyuso,Kamwengi,-0.4954397,38.1371601
39,Kitui,Mwingi North,Kyuso,Kanana,-0.4954397,38.1371601
40,Kitui,Mwingi North,Kyuso,Kandawa,-0.5330537,38.2036487
41,Kitui,Mwingi North,Kyuso,Kandioya,-0.4954397,38.1371601
42,Kitui,Mwingi North,Kyuso,Kandongu,-0.4333333,38.2333333
43,Kitui,Mwingi North,Kyuso,Kandwia,-0.4954397,38.1371601
44,Kitui,Mwingi North,Kyuso,Kandwia Central,-0.4954397,38.1371601
45,Kitui,Mwingi North,Kyuso,Kangii,-0.5330537,38.2036487
46,Kitui,Mwingi North,Kyuso,Kangilu,-0.4954397,38.1371601
47,Kitui,Mwingi North,Kyuso,Kango,-0.4954397,38.1371601
48,Kitui,Mwingi North,Kyuso,Kangungu,-0.5330537,38.2036487
49,Kitui,Mwingi North,Kyuso,Kanongo,-0.5330537,38.2036487
50,Kitui,Mwingi North,Kyuso,Kanyululu,-0.4954397,38.1371601
51,Kitui,Mwingi North,Kyuso,Kanyululu Central,-0.4954397,38.1371601
52,Kitui,Mwingi North,Kyuso,Kanzeru,-0.4954397,38.1371601
53,Kitui,Mwingi North,Kyuso,Kanzili,-0.4954397,38.1371601
54,Kitui,Mwingi North,Kyuso,Kanzou,-0.4954397,38.1371601
55,Kitui,Mwingi North,Kyuso,Karuambau,-0.4954397,38.1371601
56,Kitui,Mwingi North,Kyuso,Kasarani,-0.5330537,38.2036487
57,Kitui,Mwingi North,Kyuso,Kasevi,-0.5330537,38.2036487
58,Kitui,Mwingi North,Kyuso,Kasevi,-0.5330537,38.2036487
59,Kitui,Mwingi North,Kyuso,Kasyathyu,-0.65,38.25
60,Kitui,Mwingi North,Kyuso,Kasyongo,-0.6,38.25
61,Kitui,Mwingi North,Kyuso,Kasyungiru,-0.4954397,38.1371601
62,Kitui,Mwingi North,Kyuso,Katakani,-0.6283217,38.1614077
63,Kitui,Mwingi North,Kyuso,Katemwa,-0.5330537,38.2036487
64,Kitui,Mwingi North,Kyuso,Kathenga,-0.4954397,38.1371601
65,Kitui,Mwingi North,Kyuso,Kathima,-0.4954397,38.1371601
66,Kitui,Mwingi North,Kyuso,Kathita,-0.5330537,38.2036487
67,Kitui,Mwingi North,Kyuso,Kathula,-0.5330537,38.2036487
68,Kitui,Mwingi North,Kyuso,Kathumbini,-0.4954397,38.1371601
69,Kitui,Mwingi North,Kyuso,Kathumula,-0.5330537,38.2036487
70,Kitui,Mwingi North,Kyuso,Katiliku,-0.5330537,38.2036487
71,Kitui,Mwingi North,Kyuso,Katuka,-0.5330537,38.2036487
72,Kitui,Mwingi North,Kyuso,Katuka Central,-0.5330537,38.2036487
73,Kitui,Mwingi North,Kyuso,Katungati,-0.4954397,38.1371601
74,Kitui,Mwingi North,Kyuso,Katuuni,-0.7060187,38.0504715
75,Kitui,Mwingi North,Kyuso,Katwenye,-0.5166667,38.15
76,Kitui,Mwingi North,Kyuso,Katyemona,-0.4954397,38.1371601
77,Kitui,Mwingi North,Kyuso,Kaundua,-0.4954397,38.1371601
78,Kitui,Mwingi North,Kyuso,Kavali,-0.4954397,38.1371601
79,Kitui,Mwingi North,Kyuso,Kavongo,-0.4954397,38.1371601
80,Kitui,Mwingi North,Kyuso,Kavuta,-1.4840852,37.9042711
81,Kitui,Mwingi North,Kyuso,Kawangombe,-0.4954397,38.1371601
82,Kitui,Mwingi North,Kyuso,Kilanga,-0.5330537,38.2036487
83,Kitui,Mwingi North,Kyuso,Kiloki,-0.4954397,38.1371601
84,Kitui,Mwingi North,Kyuso,Kiluilu,-0.5222524,38.2913621
85,Kitui,Mwingi North,Kyuso,Kilulu,-0.4954397,38.1371601
86,Kitui,Mwingi North,Kyuso,Kimelya,-0.4954397,38.1371601
87,Kitui,Mwingi North,Kyuso,Kimu,-0.5330537,38.2036487
88,Kitui,Mwingi North,Kyuso,Kimu Central,-0.5330537,38.2036487
89,Kitui,Mwingi North,Kyuso,Kiringuni,-0.4954397,38.1371601
90,Kitui,Mwingi North,Kyuso,Kirumu,-0.4954397,38.1371601
91,Kitui,Mwingi North,Kyuso,Kiseli,-0.4954397,38.1371601
92,Kitui,Mwingi North,Kyuso,Kiseuni,-0.4284855,38.1265916
93,Kitui,Mwingi North,Kyuso,Kitambembe,-0.4954397,38.1371601
94,Kitui,Mwingi North,Kyuso,Kivaani,-0.4954397,38.1371601
95,Kitui,Mwingi North,Kyuso,Kivaki,-0.5330537,38.2036487
96,Kitui,Mwingi North,Kyuso,Kivanena,-0.4954397,38.1371601
97,Kitui,Mwingi North,Kyuso,Kivila,-0.4954397,38.1371601
98,Kitui,Mwingi North,Kyuso,Kivusyani,-0.4954397,38.1371601
99,Kitui,Mwingi North,Kyuso,Kora,-0.4954397,38.1371601
100,Kitui,Mwingi North,Kyuso,Kora,-0.4954397,38.1371601
101,Kitui,Mwingi North,Kyuso,Kwangunu,-0.4954397,38.1371601
102,Kitui,Mwingi North,Kyuso,Kwerunda,-0.4954397,38.1371601
103,Kitui,Mwingi North,Kyuso,Kyaitha,-0.5330537,38.2036487
104,Kitui,Mwingi North,Kyuso,Kyamatonga,-0.4954397,38.1371601
105,Kitui,Mwingi North,Kyuso,Kyambanwa,-0.4954397,38.1371601
106,Kitui,Mwingi North,Kyuso,Kyamutiku,-0.4954397,38.1371601
107,Kitui,Mwingi North,Kyuso,Kyamwiu,-0.4954397,38.1371601
108,Kitui,Mwingi North,Kyuso,Kyandani,-0.2422477,38.3692495
109,Kitui,Mwingi North,Kyuso,Kyandani,-0.2422477,38.3692495
110,Kitui,Mwingi North,Kyuso,Kyandoo,-0.6487648,38.1213066
111,Kitui,Mwingi North,Kyuso,Kyangwithya,-0.4954397,38.1371601
112,Kitui,Mwingi North,Kyuso,Kyanika,-0.937411,38.0605006
113,Kitui,Mwingi North,Kyuso,Kyanika,-0.937411,38.0605006
114,Kitui,Mwingi North,Kyuso,Kyelimba,-0.4954397,38.1371601
115,Kitui,Mwingi North,Kyuso,Kyethetu,-0.4954397,38.1371601
116,Kitui,Mwingi North,Kyuso,Kyumbuni,-0.4954397,38.1371601
117,Kitui,Mwingi North,Kyuso,Kyunduani,-0.5330537,38.2036487
118,Kitui,Mwingi North,Kyuso,Kyuso Market A,-0.5570446,38.2138443
119,Kitui,Mwingi North,Kyuso,Kyuso Market B,-0.5570446,38.2138443
120,Kitui,Mwingi North,Kyuso,Kyuso Market C,-0.5570446,38.2138443
121,Kitui,Mwingi North,Kyuso,Likoni,-0.5330537,38.2036487
122,Kitui,Mwingi North,Kyuso,Limbua,-0.5330537,38.2036487
123,Kitui,Mwingi North,Kyuso,Maktoni,-0.4954397,38.1371601
124,Kitui,Mwingi North,Kyuso,Makuka,-0.4954397,38.1371601
125,Kitui,Mwingi North,Kyuso,Makutano,-0.7605463,37.2784835
126,Kitui,Mwingi North,Kyuso,Makutano,-0.7605463,37.2784835
127,Kitui,Mwingi North,Kyuso,Malembwani,-0.4954397,38.1371601
128,Kitui,Mwingi North,Kyuso,Malili,-0.5330537,38.2036487
129,Kitui,Mwingi North,Kyuso,Malili,-0.5330537,38.2036487
130,Kitui,Mwingi North,Kyuso,Mandala,-0.4954397,38.1371601
131,Kitui,Mwingi North,Kyuso,Manzolo,-0.5330537,38.2036487
132,Kitui,Mwingi North,Kyuso,Manzuva,-0.3905741,38.2638539
133,Kitui,Mwingi North,Kyuso,Manzyundu,-0.5330537,38.2036487
134,Kitui,Mwingi North,Kyuso,Marisi,-0.5330537,38.2036487
135,Kitui,Mwingi North,Kyuso,Market E,-0.4954397,38.1371601
136,Kitui,Mwingi North,Kyuso,Market W,-0.4954397,38.1371601
137,Kitui,Mwingi North,Kyuso,Maseki,-0.4954397,38.1371601
138,Kitui,Mwingi North,Kyuso,Masimbani,-0.5330537,38.2036487
139,Kitui,Mwingi North,Kyuso,Mataani,-0.5330537,38.2036487
140,Kitui,Mwingi North,Kyuso,Mataka,-0.5330537,38.2036487
141,Kitui,Mwingi North,Kyuso,Mathunzi,-0.4954397,38.1371601
142,Kitui,Mwingi North,Kyuso,Matini,-0.4954397,38.1371601
143,Kitui,Mwingi North,Kyuso,Matooni,-0.5668575,38.2958316
144,Kitui,Mwingi North,Kyuso,Matunda,-0.4954397,38.1371601
145,Kitui,Mwingi North,Kyuso,Mauru,-0.4954397,38.1371601
146,Kitui,Mwingi North,Kyuso,Mbaikini,-0.5330537,38.2036487
147,Kitui,Mwingi North,Kyuso,Mbangwani,-0.55,38.11
148,Kitui,Mwingi North,Kyuso,Mbaoni,-0.5330537,38.2036487
149,Kitui,Mwingi North,Kyuso,Mbui,-0.4954397,38.1371601
150,Kitui,Mwingi North,Kyuso,Mbukoni,-0.5330537,38.2036487
151,Kitui,Mwingi North,Kyuso,Methani,-0.4954397,38.1371601
152,Kitui,Mwingi North,Kyuso,Mikwa,-0.5486106,38.1867063
153,Kitui,Mwingi North,Kyuso,Milia,-0.4954397,38.1371601
154,Kitui,Mwingi North,Kyuso,Milimani,-0.4954397,38.1371601
155,Kitui,Mwingi North,Kyuso,Misuu,-0.4954397,38.1371601
156,Kitui,Mwingi North,Kyuso,Mitauni,-0.4954397,38.1371601
157,Kitui,Mwingi North,Kyuso,Mugaa,-0.4954397,38.1371601
158,Kitui,Mwingi North,Kyuso,Mugoo,-0.4954397,38.1371601
159,Kitui,Mwingi North,Kyuso,Mui,-0.5330537,38.2036487
160,Kitui,Mwingi North,Kyuso,Mukameni,-0.5330537,38.2036487
161,Kitui,Mwingi North,Kyuso,Mukumanzia,-0.4954397,38.1371601
162,Kitui,Mwingi North,Kyuso,Mukuvuni,-0.4954397,38.1371601
163,Kitui,Mwingi North,Kyuso,Mulundi,-0.5330537,38.2036487
164,Kitui,Mwingi North,Kyuso,Mungoa,-0.4954397,38.1371601
165,Kitui,Mwingi North,Kyuso,Munyenze,-0.5330537,38.2036487
166,Kitui,Mwingi North,Kyuso,Mutanda,-0.5330537,38.2036487
167,Kitui,Mwingi North,Kyuso,Muthunzuu,-1.12,38.111
168,Kitui,Mwingi North,Kyuso,Mutingwa,-0.5330537,38.2036487
169,Kitui,Mwingi North,Kyuso,Mutweito,-0.4954397,38.1371601
170,Kitui,Mwingi North,Kyuso,Mwali Kanzi,-0.5330537,38.2036487
171,Kitui,Mwingi North,Kyuso,Mwanganzia,-0.4954397,38.1371601
172,Kitui,Mwingi North,Kyuso,Mwangini,-0.4954397,38.1371601
173,Kitui,Mwingi North,Kyuso,Mwania,-0.4954397,38.1371601
174,Kitui,Mwingi North,Kyuso,Mwosa,-0.5330537,38.2036487
175,Kitui,Mwingi North,Kyuso,Ndathani,-0.4954397,38.1371601
176,Kitui,Mwingi North,Kyuso,Ndathani,-0.4954397,38.1371601
177,Kitui,Mwingi North,Kyuso,Ndolongwe,-0.5330537,38.2036487
178,Kitui,Mwingi North,Kyuso,Ndovoini,-0.4954397,38.1371601
179,Kitui,Mwingi North,Kyuso,Nduuni,-0.5330537,38.2036487
180,Kitui,Mwingi North,Kyuso,Nduvani,-0.4954397,38.1371601
181,Kitui,Mwingi North,Kyuso,Ngaani,-0.4954397,38.1371601
182,Kitui,Mwingi North,Kyuso,Ngakulikya,-0.4954397,38.1371601
183,Kitui,Mwingi North,Kyuso,Nganda,-0.4954397,38.1371601
184,Kitui,Mwingi North,Kyuso,Ngangani,-0.5330537,38.2036487
185,Kitui,Mwingi North,Kyuso,Ngeani,-0.7055556,38.1880556
186,Kitui,Mwingi North,Kyuso,Ngemini,-0.4954397,38.1371601
187,Kitui,Mwingi North,Kyuso,Ngengi,-0.4954397,38.1371601
188,Kitui,Mwingi North,Kyuso,Ngiluni,-0.937411,38.0605006
189,Kitui,Mwingi North,Kyuso,Ngolongo,-0.5330537,38.2036487
190,Kitui,Mwingi North,Kyuso,Ngomano,-0.3770808,38.1671775
191,Kitui,Mwingi North,Kyuso,Ngomano,-0.3770808,38.1671775
192,Kitui,Mwingi North,Kyuso,Nzangathini,-0.5330537,38.2036487
193,Kitui,Mwingi North,Kyuso,Nzyalani,-0.4954397,38.1371601
194,Kitui,Mwingi North,Kyuso,Syanzu,-0.4954397,38.1371601
195,Kitui,Mwingi North,Kyuso,Syomatoo,-0.4954397,38.1371601
196,Kitui,Mwingi North,Kyuso,Thaana,-0.4954397,38.1371601
197,Kitui,Mwingi North,Kyuso,Thingithu,-0.5330537,38.2036487
198,Kitui,Mwingi North,Kyuso,Thunguthu,-0.4954397,38.1371601
199,Kitui,Mwingi North,Kyuso,Tii,-0.4954397,38.1371601
200,Kitui,Mwingi North,Kyuso,Tulanduli,-0.7083483,38.1635743
201,Kitui,Mwingi North,Kyuso,Twikoli,-0.4872087,38.2533052
202,Kitui,Mwingi North,Kyuso,Twimuma,-0.4954397,38.1371601
203,Kitui,Mwingi North,Kyuso,Twimyua,-0.4872087,38.2533052
204,Kitui,Mwingi North,Kyuso,Twimyua Central,-0.4872087,38.2533052
205,Kitui,Mwingi North,Kyuso,Ukasini,-0.4954397,38.1371601
206,Kitui,Mwingi North,Kyuso,Wandea,-0.5330537,38.2036487
207,Kitui,Mwingi North,Kyuso,Wanzia,-0.4954397,38.1371601
208,Kitui,Mwingi North,Kyuso,Wanzili,-0.4954397,38.1371601
209,Kitui,Mwingi North,Kyuso,Wikimuu,-0.4960757,38.2880492
210,Kitui,Mwingi North,Kyuso,Yumba Ndai,-0.4954397,38.1371601
211,Kitui,Mwingi North,Mumoni,Bondeni,-0.9389733,38.0603883
212,Kitui,Mwingi North,Mumoni,Borofit,-0.9389733,38.0603883
213,Kitui,Mwingi North,Mumoni,Central,-0.9389733,38.0603883
214,Kitui,Mwingi North,Mumoni,Ikongo,-0.5565762,37.9466737
215,Kitui,Mwingi North,Mumoni,Ilange,-0.9389733,38.0603883
216,Kitui,Mwingi North,Mumoni,Ililuni,-0.9389733,38.0603883
217,Kitui,Mwingi North,Mumoni,Ithamboni,-0.9389733,38.0603883
218,Kitui,Mwingi North,Mumoni,Ithingili,-0.6689553,38.0868786
219,Kitui,Mwingi North,Mumoni,Ithunzi,-0.6603597,37.9356786
220,Kitui,Mwingi North,Mumoni,Itinda,-0.9389733,38.0603883
221,Kitui,Mwingi North,Mumoni,Ituta Mbumbu,-0.9389733,38.0603883
222,Kitui,Mwingi North,Mumoni,Kagomo,-0.9389733,38.0603883
223,Kitui,Mwingi North,Mumoni,Kaigia,-0.9389733,38.0603883
224,Kitui,Mwingi North,Mumoni,Kaingote,-0.9389733,38.0603883
225,Kitui,Mwingi North,Mumoni,Kaisinga,-0.9389733,38.0603883
226,Kitui,Mwingi North,Mumoni,Kakingi,-0.9389733,38.0603883
227,Kitui,Mwingi North,Mumoni,Kakunguu,-0.9389733,38.0603883
228,Kitui,Mwingi North,Mumoni,Kakuyu,-0.937411,38.0605006
229,Kitui,Mwingi North,Mumoni,Kalamba,-0.937411,38.0605006
230,Kitui,Mwingi North,Mumoni,Kalatine,-0.937411,38.0605006
231,Kitui,Mwingi North,Mumoni,Kaliani,-0.7271656,38.0047651
232,Kitui,Mwingi North,Mumoni,Kalivau,-0.9389733,38.0603883
233,Kitui,Mwingi North,Mumoni,Kamakumbi,-0.9389733,38.0603883
234,Kitui,Mwingi North,Mumoni,Kamathiitu,-0.5408226,38.0525654
235,Kitui,Mwingi North,Mumoni,Kambi,-0.9389733,38.0603883
236,Kitui,Mwingi North,Mumoni,Kambila,-0.937411,38.0605006
237,Kitui,Mwingi North,Mumoni,Kamuani,-0.9389733,38.0603883
238,Kitui,Mwingi North,Mumoni,Kamunyini,-0.9389733,38.0603883
239,Kitui,Mwingi North,Mumoni,Kamuthale,-0.9389733,38.0603883
240,Kitui,Mwingi North,Mumoni,Kamutila,-0.9389733,38.0603883
241,Kitui,Mwingi North,Mumoni,Kamwaki,-0.9389733,38.0603883
242,Kitui,Mwingi North,Mumoni,Kangae,-0.9389733,38.0603883
243,Kitui,Mwingi North,Mumoni,Kanguli,-0.9389733,38.0603883
244,Kitui,Mwingi North,Mumoni,Kanyoeni,-0.9389733,38.0603883
245,Kitui,Mwingi North,Mumoni,Kanyoeni,-0.9389733,38.0603883
246,Kitui,Mwingi North,Mumoni,Kanyululu,-0.9389733,38.0603883
247,Kitui,Mwingi North,Mumoni,Kanyungu,-0.46,38.02
248,Kitui,Mwingi North,Mumoni,Kanzinwa,-0.9389733,38.0603883
249,Kitui,Mwingi North,Mumoni,Kanzou,-0.9389733,38.0603883
250,Kitui,Mwingi North,Mumoni,Karuma,-0.9389733,38.0603883
251,Kitui,Mwingi North,Mumoni,Kasaki,-0.9389733,38.0603883
252,Kitui,Mwingi North,Mumoni,Kasioni,-0.55,38.016667
253,Kitui,Mwingi North,Mumoni,Kasiri,-0.9389733,38.0603883
254,Kitui,Mwingi North,Mumoni,Kasokoi,-0.9389733,38.0603883
255,Kitui,Mwingi North,Mumoni,Kasungu,-0.937411,38.0605006
256,Kitui,Mwingi North,Mumoni,Kasyalani,-0.9389733,38.0603883
257,Kitui,Mwingi North,Mumoni,Kasyongo,-0.6,38.25
258,Kitui,Mwingi North,Mumoni,Katambauku,-0.5833333,38.1166667
259,Kitui,Mwingi North,Mumoni,Kateiko,-0.9389733,38.0603883
260,Kitui,Mwingi North,Mumoni,Kathamba,-0.4367262,38.0842305
261,Kitui,Mwingi North,Mumoni,Katheri,-0.9389733,38.0603883
262,Kitui,Mwingi North,Mumoni,Kathiiani Central,-0.6,38.03
263,Kitui,Mwingi North,Mumoni,Kathonzeni,-0.9389733,38.0603883
264,Kitui,Mwingi North,Mumoni,Kathumulani,-0.9389733,38.0603883
265,Kitui,Mwingi North,Mumoni,Katia,-0.9389733,38.0603883
266,Kitui,Mwingi North,Mumoni,Kativangii,-0.9389733,38.0603883
267,Kitui,Mwingi North,Mumoni,Katolo,-0.9389733,38.0603883
268,Kitui,Mwingi North,Mumoni,Katuka,-0.9389733,38.0603883
269,Kitui,Mwingi North,Mumoni,Katuuni,-0.7060187,38.0504715
270,Kitui,Mwingi North,Mumoni,Katuuni,-0.7060187,38.0504715
271,Kitui,Mwingi North,Mumoni,Kaundu,-0.9389733,38.0603883
272,Kitui,Mwingi North,Mumoni,Kaunguni,-0.9389733,38.0603883
273,Kitui,Mwingi North,Mumoni,Kauwa,-0.9389733,38.0603883
274,Kitui,Mwingi North,Mumoni,Kavingoni,-0.8563495,38.0347994
275,Kitui,Mwingi North,Mumoni,Kayangya,-0.9389733,38.0603883
276,Kitui,Mwingi North,Mumoni,Kibera,-0.937411,38.0605006
277,Kitui,Mwingi North,Mumoni,Kiisi,-0.478927,38.0928719
278,Kitui,Mwingi North,Mumoni,Kikumini,-0.9389733,38.0603883
279,Kitui,Mwingi North,Mumoni,Kilingile,-0.9389733,38.0603883
280,Kitui,Mwingi North,Mumoni,Kiruri,-0.9389733,38.0603883
281,Kitui,Mwingi North,Mumoni,Kiseuni,-0.4284855,38.1265916
282,Kitui,Mwingi North,Mumoni,Kithanyuko,-0.9389733,38.0603883
283,Kitui,Mwingi North,Mumoni,Kithumuoni,-0.9389733,38.0603883
284,Kitui,Mwingi North,Mumoni,Kithunzini,-0.9389733,38.0603883
285,Kitui,Mwingi North,Mumoni,Kithusoni,-0.9389733,38.0603883
286,Kitui,Mwingi North,Mumoni,Kitutuni,-0.9389733,38.0603883
287,Kitui,Mwingi North,Mumoni,Kitwamwaki,-0.9389733,38.0603883
288,Kitui,Mwingi North,Mumoni,Kivuvwa,-0.9389733,38.0603883
289,Kitui,Mwingi North,Mumoni,Konyu,-0.937411,38.0605006
290,Kitui,Mwingi North,Mumoni,Koriro,-0.9389733,38.0603883
291,Kitui,Mwingi North,Mumoni,Kwanthangi,-0.9389733,38.0603883
292,Kitui,Mwingi North,Mumoni,Kyandali,-0.6756332,38.0525654
293,Kitui,Mwingi North,Mumoni,Kyanika,-0.9389733,38.0603883
294,Kitui,Mwingi North,Mumoni,Kyanzue,-0.9389733,38.0603883
295,Kitui,Mwingi North,Mumoni,Kyumbe,-0.9389733,38.0603883
296,Kitui,Mwingi North,Mumoni,Kyumbukuyu,-0.9389733,38.0603883
297,Kitui,Mwingi North,Mumoni,Makiioni,-0.9389733,38.0603883
298,Kitui,Mwingi North,Mumoni,Makoko,-0.937411,38.0605006
299,Kitui,Mwingi North,Mumoni,Makotoni,-0.9389733,38.0603883
300,Kitui,Mwingi North,Mumoni,Malatani,-1.3935624,38.2110938
301,Kitui,Mwingi North,Mumoni,Mambuya,-0.9389733,38.0603883
302,Kitui,Mwingi North,Mumoni,Mangui,-0.9389733,38.0603883
303,Kitui,Mwingi North,Mumoni,Masaani,-0.937411,38.0605006
304,Kitui,Mwingi North,Mumoni,Maseesu,-0.6742478,38.0342612
305,Kitui,Mwingi North,Mumoni,Masukanioni,-0.9389733,38.0603883
306,Kitui,Mwingi North,Mumoni,Matingani,-0.4659425,37.9643817
307,Kitui,Mwingi North,Mumoni,Mbarani,-0.4808131,38.0948759
308,Kitui,Mwingi North,Mumoni,Mbondo,-0.9389733,38.0603883
309,Kitui,Mwingi North,Mumoni,Mikame,-0.9389733,38.0603883
310,Kitui,Mwingi North,Mumoni,Mikaoni,-0.9389733,38.0603883
311,Kitui,Mwingi North,Mumoni,Mimindi,-0.9389733,38.0603883
312,Kitui,Mwingi North,Mumoni,Mukekeni,-0.9389733,38.0603883
313,Kitui,Mwingi North,Mumoni,Mukindu,-0.4884968,37.949031
314,Kitui,Mwingi North,Mumoni,Mukoleko,-0.9389733,38.0603883
315,Kitui,Mwingi North,Mumoni,Musosya,-0.585865,38.0314002
316,Kitui,Mwingi North,Mumoni,Muthaa,-0.9389733,38.0603883
317,Kitui,Mwingi North,Mumoni,Muthili,-0.9389733,38.0603883
318,Kitui,Mwingi North,Mumoni,Muthumo,-0.9389733,38.0603883
319,Kitui,Mwingi North,Mumoni,Muthungue,-1.5249754,38.5270305
320,Kitui,Mwingi North,Mumoni,Muthwani,-0.9389733,38.0603883
321,Kitui,Mwingi North,Mumoni,Mutiuni,-0.58,38.02
322,Kitui,Mwingi North,Mumoni,Muvinge,-0.48,38.05
323,Kitui,Mwingi North,Mumoni,Mwangu,-0.9389733,38.0603883
324,Kitui,Mwingi North,Mumoni,Mwomboko,-0.9389733,38.0603883
325,Kitui,Mwingi North,Mumoni,Ndatha,-0.5139905,38.073212
326,Kitui,Mwingi North,Mumoni,Ndatini North,-0.6896803,38.0661382
327,Kitui,Mwingi North,Mumoni,Ndatini South,-0.6896803,38.0661382
328,Kitui,Mwingi North,Mumoni,Ndetha,-0.9389733,38.0603883
329,Kitui,Mwingi North,Mumoni,Ndoo,-0.73,38.04
330,Kitui,Mwingi North,Mumoni,Ndulani,-0.9389733,38.0603883
331,Kitui,Mwingi North,Mumoni,Ngaani,-0.9389733,38.0603883
332,Kitui,Mwingi North,Mumoni,Ngakone,-0.6863552,37.9860308
333,Kitui,Mwingi North,Mumoni,Ngereni,-0.2423887,38.3271112
334,Kitui,Mwingi North,Mumoni,Ngereni,-0.2423887,38.3271112
335,Kitui,Mwingi North,Mumoni,Ngeukya,-0.9389733,38.0603883
336,Kitui,Mwingi North,Mumoni,Ngombeni,-0.63,38.03
337,Kitui,Mwingi North,Mumoni,Ngooni,-0.9389733,38.0603883
338,Kitui,Mwingi North,Mumoni,Ngungani,-0.937411,38.0605006
339,Kitui,Mwingi North,Mumoni,Ngungi,-0.7184801,38.0172991
340,Kitui,Mwingi North,Mumoni,Nguuku,-0.937411,38.0605006
341,Kitui,Mwingi North,Mumoni,Nguuni,-1.95,38.366667
342,Kitui,Mwingi North,Mumoni,Nyamanzei,-0.6687024,38.0881083
343,Kitui,Mwingi North,Mumoni,Nzewani,-0.9389733,38.0603883
344,Kitui,Mwingi North,Mumoni,Syomukii,-0.56,38.05
345,Kitui,Mwingi North,Mumoni,Syonzuu,-0.9389733,38.0603883
346,Kitui,Mwingi North,Mumoni,Tala,-0.9389733,38.0603883
347,Kitui,Mwingi North,Mumoni,Thua,-0.59,37.95
348,Kitui,Mwingi North,Mumoni,Tondora,-0.9389733,38.0603883
349,Kitui,Mwingi North,Mumoni,Township,-0.9389733,38.0603883
350,Kitui,Mwingi North,Mumoni,Tuthiitu,-0.9389733,38.0603883
351,Kitui,Mwingi North,Mumoni,Utuuni,-0.9389733,38.0603883
352,Kitui,Mwingi North,Mumoni,Wangutu,-0.5554518,38.0948759
353,Kitui,Mwingi North,Mumoni,Wanguya,-0.9389733,38.0603883
354,Kitui,Mwingi North,Mumoni,Wania,-0.9389733,38.0603883
355,Kitui,Mwingi North,Mumoni,Wazelya,-0.9389733,38.0603883
356,Kitui,Mwingi North,Mumoni,Wengeni,-0.9389733,38.0603883
357,Kitui,Mwingi North,Mumoni,Wesungi,-0.9389733,38.0603883
358,Kitui,Mwingi North,Mumoni,Wimivika,-0.9389733,38.0603883
359,Kitui,Mwingi North,Mumoni,Zimba,-0.9389733,38.0603883
360,Kitui,Mwingi North,Ngomeni,Central,-0.937411,38.0605006
361,Kitui,Mwingi North,Ngomeni,Emale,-0.937411,38.0605006
362,Kitui,Mwingi North,Ngomeni,Ikime,-0.6925955,38.6320086
363,Kitui,Mwingi North,Ngomeni,Ikongo,-0.5565762,37.9466737
364,Kitui,Mwingi North,Ngomeni,Ilange,-0.937411,38.0605006
365,Kitui,Mwingi North,Ngomeni,Itumbwa,-0.937411,38.0605006
366,Kitui,Mwingi North,Ngomeni,Kaango,-0.937411,38.0605006
367,Kitui,Mwingi North,Ngomeni,Kairungu,-0.6462266,38.4060986
368,Kitui,Mwingi North,Ngomeni,Kakunguu,-0.937411,38.0605006
369,Kitui,Mwingi North,Ngomeni,Kalunge,-0.937411,38.0605006
370,Kitui,Mwingi North,Ngomeni,Kalwa,-0.6430098,38.3481837
371,Kitui,Mwingi North,Ngomeni,Kamakali,-0.937411,38.0605006
372,Kitui,Mwingi North,Ngomeni,Kamavui,-0.937411,38.0605006
373,Kitui,Mwingi North,Ngomeni,Kanyonyi,-0.937411,38.0605006
374,Kitui,Mwingi North,Ngomeni,Kanzika,-0.937411,38.0605006
375,Kitui,Mwingi North,Ngomeni,Karengi,-0.937411,38.0605006
376,Kitui,Mwingi North,Ngomeni,Kasiluni,-0.937411,38.0605006
377,Kitui,Mwingi North,Ngomeni,Katangini,-0.937411,38.0605006
378,Kitui,Mwingi North,Ngomeni,Kathaalani,-0.937411,38.0605006
379,Kitui,Mwingi North,Ngomeni,Katithini,-0.6462266,38.4060986
380,Kitui,Mwingi North,Ngomeni,Katolongwe,-0.937411,38.0605006
381,Kitui,Mwingi North,Ngomeni,Katoo,-0.937411,38.0605006
382,Kitui,Mwingi North,Ngomeni,Katue,-0.937411,38.0605006
383,Kitui,Mwingi North,Ngomeni,Katumbini,-0.937411,38.0605006
384,Kitui,Mwingi North,Ngomeni,Katwala,-1.557641,38.073724
385,Kitui,Mwingi North,Ngomeni,Kavaani,-0.5589274,38.6110264
386,Kitui,Mwingi North,Ngomeni,Kerenai,-0.937411,38.0605006
387,Kitui,Mwingi North,Ngomeni,Kimela,-0.4561314,38.4639632
388,Kitui,Mwingi North,Ngomeni,Kiungu,-0.937411,38.0605006
389,Kitui,Mwingi North,Ngomeni,Kivila,-0.937411,38.0605006
390,Kitui,Mwingi North,Ngomeni,Kyambyu,-0.937411,38.0605006
391,Kitui,Mwingi North,Ngomeni,Kyangima,-0.937411,38.0605006
392,Kitui,Mwingi North,Ngomeni,Kyanguua,-0.937411,38.0605006
393,Kitui,Mwingi North,Ngomeni,Makuka,-0.937411,38.0605006
394,Kitui,Mwingi North,Ngomeni,Malatani,-1.3935624,38.2110938
395,Kitui,Mwingi North,Ngomeni,Manguu,-0.937411,38.0605006
396,Kitui,Mwingi North,Ngomeni,Masamba,-0.937411,38.0605006
397,Kitui,Mwingi North,Ngomeni,Mathiakani,-0.937411,38.0605006
398,Kitui,Mwingi North,Ngomeni,Mavauni,-0.937411,38.0605006
399,Kitui,Mwingi North,Ngomeni,Mavindini,-0.937411,38.0605006
400,Kitui,Mwingi North,Ngomeni,Mitalani,-0.937411,38.0605006
401,Kitui,Mwingi North,Ngomeni,Mitamisyi Central,-0.937411,38.0605006
402,Kitui,Mwingi North,Ngomeni,Munyinginyi,-0.937411,38.0605006
403,Kitui,Mwingi North,Ngomeni,Munyuu,-0.937411,38.0605006
404,Kitui,Mwingi North,Ngomeni,Muringani,-0.937411,38.0605006
405,Kitui,Mwingi North,Ngomeni,Musonge,-0.937411,38.0605006
406,Kitui,Mwingi North,Ngomeni,Mutairu,-0.937411,38.0605006
407,Kitui,Mwingi North,Ngomeni,Mutala,-0.937411,38.0605006
408,Kitui,Mwingi North,Ngomeni,Mutinda,-0.937411,38.0605006
409,Kitui,Mwingi North,Ngomeni,Mutulya North,-0.937411,38.0605006
410,Kitui,Mwingi North,Ngomeni,Mutulya South,-0.937411,38.0605006
411,Kitui,Mwingi North,Ngomeni,Mutwakata,-0.937411,38.0605006
412,Kitui,Mwingi North,Ngomeni,Mwangani,-0.937411,38.0605006
413,Kitui,Mwingi North,Ngomeni,Ndatani,-0.5833333,38.3666667
414,Kitui,Mwingi North,Ngomeni,Ndunguni,-1.5621404,37.8618422
415,Kitui,Mwingi North,Ngomeni,Ngomano,-0.937411,38.0605006
416,Kitui,Mwingi North,Ngomeni,Ngulini,-1.2647222,38.1747222
417,Kitui,Mwingi North,Ngomeni,Ngutani,-0.937411,38.0605006
418,Kitui,Mwingi North,Ngomeni,Nyunyuni,-0.937411,38.0605006
419,Kitui,Mwingi North,Ngomeni,Nzaini,-0.937411,38.0605006
420,Kitui,Mwingi North,Ngomeni,Syumani,-0.937411,38.0605006
421,Kitui,Mwingi North,Ngomeni,Syumuthwa,-0.937411,38.0605006
422,Kitui,Mwingi North,Ngomeni,Tulanduli,-0.7083483,38.1635743
423,Kitui,Mwingi North,Ngomeni,Tumana,-0.937411,38.0605006
424,Kitui,Mwingi North,Ngomeni,Twaathi,-0.937411,38.0605006
425,Kitui,Mwingi North,Ngomeni,Wengeni,-0.937411,38.0605006
426,Kitui,Mwingi North,Ngomeni,Wikilumi,-0.937411,38.0605006
427,Kitui,Mwingi North,Ngomeni,Yamwenze,-0.937411,38.0605006
428,Kitui,Mwingi North,Ngomeni,Yanene,-0.937411,38.0605006
429,Kitui,Mwingi North,Tharaka,Ciaitungu,-0.937411,38.0605006
430,Kitui,Mwingi North,Tharaka,Ciatiara A,-0.937411,38.0605006
431,Kitui,Mwingi North,Tharaka,Ciatiara B,-0.937411,38.0605006
432,Kitui,Mwingi North,Tharaka,Citirietumo,-0.937411,38.0605006
433,Kitui,Mwingi North,Tharaka,Gacangi,-0.937411,38.0605006
434,Kitui,Mwingi North,Tharaka,Gacigongo,-0.3,38.08
435,Kitui,Mwingi North,Tharaka,Gaciongo,-0.3098629,38.0843008
436,Kitui,Mwingi North,Tharaka,Gakombe East,-0.3176001,38.0102284
437,Kitui,Mwingi North,Tharaka,Gakombe West,-0.3176001,38.0102284
438,Kitui,Mwingi North,Tharaka,Gatoroni,-0.3914809,38.0948759
439,Kitui,Mwingi North,Tharaka,Gatuamwere,-0.937411,38.0605006
440,Kitui,Mwingi North,Tharaka,Gatuamwere B,-0.937411,38.0605006
441,Kitui,Mwingi North,Tharaka,Gatucongo,-0.937411,38.0605006
442,Kitui,Mwingi North,Tharaka,Gatundu A,-0.937411,38.0605006
443,Kitui,Mwingi North,Tharaka,Gatundu B,-0.937411,38.0605006
444,Kitui,Mwingi North,Tharaka,Ikumburiu,-0.937411,38.0605006
445,Kitui,Mwingi North,Tharaka,Iria Ntune,-0.937411,38.0605006
446,Kitui,Mwingi North,Tharaka,Irigu,-0.937411,38.0605006
447,Kitui,Mwingi North,Tharaka,Irira,-0.937411,38.0605006
448,Kitui,Mwingi North,Tharaka,Itungururu,-0.4234206,37.7131353
449,Kitui,Mwingi North,Tharaka,Ituramiura,-0.937411,38.0605006
450,Kitui,Mwingi North,Tharaka,Kagaru,-0.937411,38.0605006
451,Kitui,Mwingi North,Tharaka,Kamagara,-0.937411,38.0605006
452,Kitui,Mwingi North,Tharaka,Kamagiti,-0.937411,38.0605006
453,Kitui,Mwingi North,Tharaka,Kamaindi,-0.937411,38.0605006
454,Kitui,Mwingi North,Tharaka,Kamangea,-0.937411,38.0605006
455,Kitui,Mwingi North,Tharaka,Kamangiti,-0.937411,38.0605006
456,Kitui,Mwingi North,Tharaka,Kamatumo,-0.937411,38.0605006
457,Kitui,Mwingi North,Tharaka,Kamayagi,-0.31,38.11
458,Kitui,Mwingi North,Tharaka,Kambiti,-0.937411,38.0605006
459,Kitui,Mwingi North,Tharaka,Kamwerini,-0.937411,38.0605006
460,Kitui,Mwingi North,Tharaka,Kandimba,-0.937411,38.0605006
461,Kitui,Mwingi North,Tharaka,Kanjia,-0.937411,38.0605006
462,Kitui,Mwingi North,Tharaka,Kanthoroko,-0.937411,38.0605006
463,Kitui,Mwingi North,Tharaka,Kanthungu,-0.4067045,38.0314002
464,Kitui,Mwingi North,Tharaka,Kanyengya,-0.3581768,38.0684349
465,Kitui,Mwingi North,Tharaka,Karisani,-0.937411,38.0605006
466,Kitui,Mwingi North,Tharaka,Karuagi,-0.937411,38.0605006
467,Kitui,Mwingi North,Tharaka,Karuma,-0.937411,38.0605006
468,Kitui,Mwingi North,Tharaka,Karundu,-0.937411,38.0605006
469,Kitui,Mwingi North,Tharaka,Katama,-0.937411,38.0605006
470,Kitui,Mwingi North,Tharaka,Kathonjeni,-0.937411,38.0605006
471,Kitui,Mwingi North,Tharaka,Kathonzeni,-0.937411,38.0605006
472,Kitui,Mwingi North,Tharaka,Kaviri,-0.937411,38.0605006
473,Kitui,Mwingi North,Tharaka,Kiereri,-0.937411,38.0605006
474,Kitui,Mwingi North,Tharaka,Kiguru,-0.937411,38.0605006
475,Kitui,Mwingi North,Tharaka,Kirikoni,-0.937411,38.0605006
476,Kitui,Mwingi North,Tharaka,Kiriku,-0.937411,38.0605006
477,Kitui,Mwingi North,Tharaka,Kirikuyu,-0.937411,38.0605006
478,Kitui,Mwingi North,Tharaka,Konyu,-0.937411,38.0605006
479,Kitui,Mwingi North,Tharaka,Kwa Muusya,-0.937411,38.0605006
480,Kitui,Mwingi North,Tharaka,Kyaburi,-0.937411,38.0605006
481,Kitui,Mwingi North,Tharaka,Kyunga,-0.937411,38.0605006
482,Kitui,Mwingi North,Tharaka,Maikume,-0.937411,38.0605006
483,Kitui,Mwingi North,Tharaka,Makomango,-0.937411,38.0605006
484,Kitui,Mwingi North,Tharaka,Mariri,-0.937411,38.0605006
485,Kitui,Mwingi North,Tharaka,Mayara,-0.937411,38.0605006
486,Kitui,Mwingi North,Tharaka,Mbaragana,-0.937411,38.0605006
487,Kitui,Mwingi North,Tharaka,Mboroko,-0.937411,38.0605006
488,Kitui,Mwingi North,Tharaka,Mirambaikamba,-0.937411,38.0605006
489,Kitui,Mwingi North,Tharaka,Muguna,-0.937411,38.0605006
490,Kitui,Mwingi North,Tharaka,Mukunga,-0.937411,38.0605006
491,Kitui,Mwingi North,Tharaka,Mukuruni,-0.937411,38.0605006
492,Kitui,Mwingi North,Tharaka,Mungwuni,-0.937411,38.0605006
493,Kitui,Mwingi North,Tharaka,Mura,-0.937411,38.0605006
494,Kitui,Mwingi North,Tharaka,Muriciani,-0.937411,38.0605006
495,Kitui,Mwingi North,Tharaka,Muurwarungu,-0.937411,38.0605006
496,Kitui,Mwingi North,Tharaka,Mwenjeu,-0.937411,38.0605006
497,Kitui,Mwingi North,Tharaka,Ndiani,-0.3,38.016667
498,Kitui,Mwingi North,Tharaka,Ngururuni,-0.937411,38.0605006
499,Kitui,Mwingi North,Tharaka,Nkaraku,-0.937411,38.0605006
500,Kitui,Mwingi North,Tharaka,Nkoru,-0.937411,38.0605006
501,Kitui,Mwingi North,Tharaka,Nthangani,-0.937411,38.0605006
502,Kitui,Mwingi North,Tharaka,Nthi Ntune,-0.937411,38.0605006
503,Kitui,Mwingi North,Tharaka,Nthuri,-0.937411,38.0605006
504,Kitui,Mwingi North,Tharaka,Ntumira,-0.937411,38.0605006
505,Kitui,Mwingi North,Tharaka,Tuimange,-0.937411,38.0605006
506,Kitui,Mwingi North,Tharaka,Uveta,-0.937411,38.0605006
507,Kitui,Mwingi North,Tseikuru,B2,-0.272533,38.1582923
508,Kitui,Mwingi North,Tseikuru,Central,-0.272533,38.1582923
509,Kitui,Mwingi North,Tseikuru,Central,-0.272533,38.1582923
510,Kitui,Mwingi North,Tseikuru,Ciakanyenye,-0.272533,38.1582923
511,Kitui,Mwingi North,Tseikuru,Ciokereke,-0.272533,38.1582923
512,Kitui,Mwingi North,Tseikuru,Ciongutu,-0.272533,38.1582923
513,Kitui,Mwingi North,Tseikuru,Emali,-0.937411,38.0605006
514,Kitui,Mwingi North,Tseikuru,Ikumanzai,-0.272533,38.1582923
515,Kitui,Mwingi North,Tseikuru,Ilamba,-0.272533,38.1582923
516,Kitui,Mwingi North,Tseikuru,Ilioni,-0.272533,38.1582923
517,Kitui,Mwingi North,Tseikuru,Itaa,-0.272533,38.1582923
518,Kitui,Mwingi North,Tseikuru,Italwa,-0.937411,38.0605006
519,Kitui,Mwingi North,Tseikuru,Itavangungi,-0.272533,38.1582923
520,Kitui,Mwingi North,Tseikuru,Itavanguu,-0.272533,38.1582923
521,Kitui,Mwingi North,Tseikuru,Ithimani,-0.272533,38.1582923
522,Kitui,Mwingi North,Tseikuru,Itulu,-0.272533,38.1582923
523,Kitui,Mwingi North,Tseikuru,Itunguni,-0.272533,38.1582923
524,Kitui,Mwingi North,Tseikuru,Itura,-0.272533,38.1582923
525,Kitui,Mwingi North,Tseikuru,Ituva,-0.272533,38.1582923
526,Kitui,Mwingi North,Tseikuru,Iviaitune,-0.272533,38.1582923
527,Kitui,Mwingi North,Tseikuru,Kaangae,-0.272533,38.1582923
528,Kitui,Mwingi North,Tseikuru,Kaangwate,-0.272533,38.1582923
529,Kitui,Mwingi North,Tseikuru,Kaimea,-0.937411,38.0605006
530,Kitui,Mwingi North,Tseikuru,Kaivirya,-0.3465092,38.1794179
531,Kitui,Mwingi North,Tseikuru,Kakaini,-0.272533,38.1582923
532,Kitui,Mwingi North,Tseikuru,Kakilongo,-0.272533,38.1582923
533,Kitui,Mwingi North,Tseikuru,Kakokoa,-0.272533,38.1582923
534,Kitui,Mwingi North,Tseikuru,Kakuawee,-0.272533,38.1582923
535,Kitui,Mwingi North,Tseikuru,Kakunguu,-0.272533,38.1582923
536,Kitui,Mwingi North,Tseikuru,Kakuranja,-0.272533,38.1582923
537,Kitui,Mwingi North,Tseikuru,Kalalani,-0.272533,38.1582923
538,Kitui,Mwingi North,Tseikuru,Kalamati,-0.2797298,38.2110938
539,Kitui,Mwingi North,Tseikuru,Kalambani,-1.582552,38.6949149
540,Kitui,Mwingi North,Tseikuru,Kaliani,-0.272533,38.1582923
541,Kitui,Mwingi North,Tseikuru,Kalimani,-0.272533,38.1582923
542,Kitui,Mwingi North,Tseikuru,Kalimbwui,-0.272533,38.1582923
543,Kitui,Mwingi North,Tseikuru,Kalindi,-0.272533,38.1582923
544,Kitui,Mwingi North,Tseikuru,Kaliuko,-0.272533,38.1582923
545,Kitui,Mwingi North,Tseikuru,Kaluilaa,-0.272533,38.1582923
546,Kitui,Mwingi North,Tseikuru,Kalulu,-0.272533,38.1582923
547,Kitui,Mwingi North,Tseikuru,Kalumu,-0.272533,38.1582923
548,Kitui,Mwingi North,Tseikuru,Kalusyani,-0.272533,38.1582923
549,Kitui,Mwingi North,Tseikuru,Kamaguna,-0.1913375,38.1265916
550,Kitui,Mwingi North,Tseikuru,Kamali,-0.272533,38.1582923
551,Kitui,Mwingi North,Tseikuru,Kamathusi,-0.272533,38.1582923
552,Kitui,Mwingi North,Tseikuru,Kamatungu,-0.272533,38.1582923
553,Kitui,Mwingi North,Tseikuru,Kamboya,-0.2797298,38.2110938
554,Kitui,Mwingi North,Tseikuru,Kambuva,-0.272533,38.1582923
555,Kitui,Mwingi North,Tseikuru,Kambwee,-0.272533,38.1582923
556,Kitui,Mwingi North,Tseikuru,Kaminyambu,-0.272533,38.1582923
557,Kitui,Mwingi North,Tseikuru,Kamitweithoka,-0.272533,38.1582923
558,Kitui,Mwingi North,Tseikuru,Kamivunga,-0.272533,38.1582923
559,Kitui,Mwingi North,Tseikuru,Kamulemani,-0.272533,38.1582923
560,Kitui,Mwingi North,Tseikuru,Kamunyu,-0.272533,38.1582923
561,Kitui,Mwingi North,Tseikuru,Kamusavi,-0.272533,38.1582923
562,Kitui,Mwingi North,Tseikuru,Kamuthanga,-0.272533,38.1582923
563,Kitui,Mwingi North,Tseikuru,Kandara,-0.272533,38.1582923
564,Kitui,Mwingi North,Tseikuru,Kangalu,-0.272533,38.1582923
565,Kitui,Mwingi North,Tseikuru,Kangarai,-0.2816667,38.1602778
566,Kitui,Mwingi North,Tseikuru,Kangemi,-1.2711928,36.7394386
567,Kitui,Mwingi North,Tseikuru,Kangenye,-0.272533,38.1582923
568,Kitui,Mwingi North,Tseikuru,Kangii,-0.272533,38.1582923
569,Kitui,Mwingi North,Tseikuru,Kangitini,-0.272533,38.1582923
570,Kitui,Mwingi North,Tseikuru,Kangovi,-0.272533,38.1582923
571,Kitui,Mwingi North,Tseikuru,Kaningo,-0.1392796,38.3481837
572,Kitui,Mwingi North,Tseikuru,Karindi,-0.272533,38.1582923
573,Kitui,Mwingi North,Tseikuru,Karissa,-0.272533,38.1582923
574,Kitui,Mwingi North,Tseikuru,Karongo,-0.272533,38.1582923
575,Kitui,Mwingi North,Tseikuru,Karungu,-0.937411,38.0605006
576,Kitui,Mwingi North,Tseikuru,Karuri,-0.272533,38.1582923
577,Kitui,Mwingi North,Tseikuru,Kasaini,-0.272533,38.1582923
578,Kitui,Mwingi North,Tseikuru,Kasanga,-0.272533,38.1582923
579,Kitui,Mwingi North,Tseikuru,Kasarani,-0.937411,38.0605006
580,Kitui,Mwingi North,Tseikuru,Kaseluni,-0.272533,38.1582923
581,Kitui,Mwingi North,Tseikuru,Kaseluni,-0.272533,38.1582923
582,Kitui,Mwingi North,Tseikuru,Kasolelo,-0.272533,38.1582923
583,Kitui,Mwingi North,Tseikuru,Kasovwe,-0.272533,38.1582923
584,Kitui,Mwingi North,Tseikuru,Kasyathyuni,-0.2132762,38.2005368
585,Kitui,Mwingi North,Tseikuru,Kasyule,-0.272533,38.1582923
586,Kitui,Mwingi North,Tseikuru,Katambauku,-0.272533,38.1582923
587,Kitui,Mwingi North,Tseikuru,Katevya,-0.272533,38.1582923
588,Kitui,Mwingi North,Tseikuru,Kathayoni,-0.272533,38.1582923
589,Kitui,Mwingi North,Tseikuru,Kathiaka,-0.937411,38.0605006
590,Kitui,Mwingi North,Tseikuru,Kathiani,-0.3458057,38.3271112
591,Kitui,Mwingi North,Tseikuru,Kathumbini,-0.272533,38.1582923
592,Kitui,Mwingi North,Tseikuru,Kathungu,-0.272533,38.1582923
593,Kitui,Mwingi North,Tseikuru,Kathuri,-0.272533,38.1582923
594,Kitui,Mwingi North,Tseikuru,Katiliku,-0.272533,38.1582923
595,Kitui,Mwingi North,Tseikuru,Katilinge,-0.272533,38.1582923
596,Kitui,Mwingi North,Tseikuru,Katothya,-0.272533,38.1582923
597,Kitui,Mwingi North,Tseikuru,Katumbi,-0.272533,38.1582923
598,Kitui,Mwingi North,Tseikuru,Katumbini,-0.272533,38.1582923
599,Kitui,Mwingi North,Tseikuru,Katungulu,-0.272533,38.1582923
600,Kitui,Mwingi North,Tseikuru,Kauma,-0.272533,38.1582923
601,Kitui,Mwingi North,Tseikuru,Kaumini,-0.272533,38.1582923
602,Kitui,Mwingi North,Tseikuru,Kavutoni,-0.272533,38.1582923
603,Kitui,Mwingi North,Tseikuru,Kawongo,-0.272533,38.1582923
604,Kitui,Mwingi North,Tseikuru,Kayiu,-0.272533,38.1582923
605,Kitui,Mwingi North,Tseikuru,Kayovea,-0.272533,38.1582923
606,Kitui,Mwingi North,Tseikuru,Kenu,-0.272533,38.1582923
607,Kitui,Mwingi North,Tseikuru,Kiamatuta,-0.272533,38.1582923
608,Kitui,Mwingi North,Tseikuru,Kiambere,-0.272533,38.1582923
609,Kitui,Mwingi North,Tseikuru,Kiamurikimu,-0.272533,38.1582923
610,Kitui,Mwingi North,Tseikuru,Kiethoni,-0.272533,38.1582923
611,Kitui,Mwingi North,Tseikuru,Kikuli,-0.272533,38.1582923
612,Kitui,Mwingi North,Tseikuru,Kilawa,-0.937411,38.0605006
613,Kitui,Mwingi North,Tseikuru,Kilindini,-0.2797298,38.2110938
614,Kitui,Mwingi North,Tseikuru,Kiluilu,-0.272533,38.1582923
615,Kitui,Mwingi North,Tseikuru,Kiluilu,-0.272533,38.1582923
616,Kitui,Mwingi North,Tseikuru,Kiluma,-0.9343739,38.0553345
617,Kitui,Mwingi North,Tseikuru,Kilumu,-0.937411,38.0605006
618,Kitui,Mwingi North,Tseikuru,Kiseuni,-0.272533,38.1582923
619,Kitui,Mwingi North,Tseikuru,Kisiuni,-0.272533,38.1582923
620,Kitui,Mwingi North,Tseikuru,Kithimani,-1.1840152,37.4461281
621,Kitui,Mwingi North,Tseikuru,Kithurini,-0.272533,38.1582923
622,Kitui,Mwingi North,Tseikuru,Kivunya,-0.272533,38.1582923
623,Kitui,Mwingi North,Tseikuru,Kulalani,-0.272533,38.1582923
624,Kitui,Mwingi North,Tseikuru,Kwa Mbiti,-0.272533,38.1582923
625,Kitui,Mwingi North,Tseikuru,Kwa Mwei,-0.937411,38.0605006
626,Kitui,Mwingi North,Tseikuru,Kwakamanga,-0.272533,38.1582923
627,Kitui,Mwingi North,Tseikuru,Kwakamari,-0.272533,38.1582923
628,Kitui,Mwingi North,Tseikuru,Kwamathumbi,-0.272533,38.1582923
629,Kitui,Mwingi North,Tseikuru,Kwamulungu,-0.937411,38.0605006
630,Kitui,Mwingi North,Tseikuru,Kwamwanza,-0.272533,38.1582923
631,Kitui,Mwingi North,Tseikuru,Kyamalutu,-0.130807,38.2309307
632,Kitui,Mwingi North,Tseikuru,Kyamatuta,-0.272533,38.1582923
633,Kitui,Mwingi North,Tseikuru,Kyandani,-0.2422477,38.3692495
634,Kitui,Mwingi North,Tseikuru,Kyandani,-0.2422477,38.3692495
635,Kitui,Mwingi North,Tseikuru,Kyangini,-0.937411,38.0605006
636,Kitui,Mwingi North,Tseikuru,Kyanzou,-0.272533,38.1582923
637,Kitui,Mwingi North,Tseikuru,Kyaoni,-0.272533,38.1582923
638,Kitui,Mwingi North,Tseikuru,Kyeni,-0.4035665,37.5827551
639,Kitui,Mwingi North,Tseikuru,Kyenini,-0.272533,38.1582923
640,Kitui,Mwingi North,Tseikuru,Kyonyoni,-0.272533,38.1582923
641,Kitui,Mwingi North,Tseikuru,Kyundua,-0.272533,38.1582923
642,Kitui,Mwingi North,Tseikuru,Kyungu,-0.272533,38.1582923
643,Kitui,Mwingi North,Tseikuru,Landani,-0.937411,38.0605006
644,Kitui,Mwingi North,Tseikuru,Maangae,-0.272533,38.1582923
645,Kitui,Mwingi North,Tseikuru,Makathia,-0.272533,38.1582923
646,Kitui,Mwingi North,Tseikuru,Makulende,-0.272533,38.1582923
647,Kitui,Mwingi North,Tseikuru,Mangulu,-0.272533,38.1582923
648,Kitui,Mwingi North,Tseikuru,Manzinga,-0.272533,38.1582923
649,Kitui,Mwingi North,Tseikuru,Manzui,-0.272533,38.1582923
650,Kitui,Mwingi North,Tseikuru,Manzui,-0.272533,38.1582923
651,Kitui,Mwingi North,Tseikuru,Maru,-0.272533,38.1582923
652,Kitui,Mwingi North,Tseikuru,Masasini,-0.272533,38.1582923
653,Kitui,Mwingi North,Tseikuru,Maseveseveni,-0.3211242,38.437847
654,Kitui,Mwingi North,Tseikuru,Masimbani,-0.937411,38.0605006
655,Kitui,Mwingi North,Tseikuru,Mathaalani,-0.272533,38.1582923
656,Kitui,Mwingi North,Tseikuru,Mathunyani,-0.272533,38.1582923
657,Kitui,Mwingi North,Tseikuru,Mathurini,-0.272533,38.1582923
658,Kitui,Mwingi North,Tseikuru,Mathurini,-0.272533,38.1582923
659,Kitui,Mwingi North,Tseikuru,Maturumbe,-0.272533,38.1582923
660,Kitui,Mwingi North,Tseikuru,Mbilivili,-0.272533,38.1582923
661,Kitui,Mwingi North,Tseikuru,Mbitini,-0.2797298,38.2110938
662,Kitui,Mwingi North,Tseikuru,Miangani,-0.937411,38.0605006
663,Kitui,Mwingi North,Tseikuru,Miangeni,-0.272533,38.1582923
664,Kitui,Mwingi North,Tseikuru,Migaeni,-0.272533,38.1582923
665,Kitui,Mwingi North,Tseikuru,Mikuyuni,-0.272533,38.1582923
666,Kitui,Mwingi North,Tseikuru,Mukameni,-0.2797298,38.2110938
667,Kitui,Mwingi North,Tseikuru,Mukauru,-0.272533,38.1582923
668,Kitui,Mwingi North,Tseikuru,Mukekeni,-0.272533,38.1582923
669,Kitui,Mwingi North,Tseikuru,Mukothima,-0.272533,38.1582923
670,Kitui,Mwingi North,Tseikuru,Mukothima,-0.272533,38.1582923
671,Kitui,Mwingi North,Tseikuru,Mukusya,-0.272533,38.1582923
672,Kitui,Mwingi North,Tseikuru,Mulangoni,-0.2797298,38.2110938
673,Kitui,Mwingi North,Tseikuru,Mulinde,-0.272533,38.1582923
674,Kitui,Mwingi North,Tseikuru,Musambyo,-0.272533,38.1582923
675,Kitui,Mwingi North,Tseikuru,Musambyo,-0.272533,38.1582923
676,Kitui,Mwingi North,Tseikuru,Musavani,-0.1467772,38.2744009
677,Kitui,Mwingi North,Tseikuru,Musimbani,-0.272533,38.1582923
678,Kitui,Mwingi North,Tseikuru,Mususya,-0.272533,38.1582923
679,Kitui,Mwingi North,Tseikuru,Muthumo,-0.272533,38.1582923
680,Kitui,Mwingi North,Tseikuru,Muthungue,-0.272533,38.1582923
681,Kitui,Mwingi North,Tseikuru,Mutindwa,-0.272533,38.1582923
682,Kitui,Mwingi North,Tseikuru,Mutuanyingi,-0.272533,38.1582923
683,Kitui,Mwingi North,Tseikuru,Mutukauthau,-0.272533,38.1582923
684,Kitui,Mwingi North,Tseikuru,Mutulu,-0.272533,38.1582923
685,Kitui,Mwingi North,Tseikuru,Muuna,-0.272533,38.1582923
686,Kitui,Mwingi North,Tseikuru,Muuwo,-0.272533,38.1582923
687,Kitui,Mwingi North,Tseikuru,Muveleki,-0.272533,38.1582923
688,Kitui,Mwingi North,Tseikuru,Muyale,-0.272533,38.1582923
689,Kitui,Mwingi North,Tseikuru,Mwangea,-0.272533,38.1582923
690,Kitui,Mwingi North,Tseikuru,Mwangeni,-0.272533,38.1582923
691,Kitui,Mwingi North,Tseikuru,Ndeke,-0.272533,38.1582923
692,Kitui,Mwingi North,Tseikuru,Nditimi,-0.272533,38.1582923
693,Kitui,Mwingi North,Tseikuru,Ndongolange,-0.272533,38.1582923
694,Kitui,Mwingi North,Tseikuru,Ndooni,-0.272533,38.1582923
695,Kitui,Mwingi North,Tseikuru,Ndunguini,-0.272533,38.1582923
696,Kitui,Mwingi North,Tseikuru,Ndunguni,-1.5621404,37.8618422
697,Kitui,Mwingi North,Tseikuru,Nduvani,-0.272533,38.1582923
698,Kitui,Mwingi North,Tseikuru,Ngaani,-0.272533,38.1582923
699,Kitui,Mwingi North,Tseikuru,Ngalange,-0.2500182,38.2533052
700,Kitui,Mwingi North,Tseikuru,Nganga Imwe,-0.272533,38.1582923
701,Kitui,Mwingi North,Tseikuru,Nganyone,-0.272533,38.1582923
702,Kitui,Mwingi North,Tseikuru,Ngaoni,-0.272533,38.1582923
703,Kitui,Mwingi North,Tseikuru,Ngathuni,-0.272533,38.1582923
704,Kitui,Mwingi North,Tseikuru,Ngeani,-0.272533,38.1582923
705,Kitui,Mwingi North,Tseikuru,Ngengi,-0.272533,38.1582923
706,Kitui,Mwingi North,Tseikuru,Ngereni,-0.2423887,38.3271112
707,Kitui,Mwingi North,Tseikuru,Ngiluni,-0.272533,38.1582923
708,Kitui,Mwingi North,Tseikuru,Ngomano,-0.937411,38.0605006
709,Kitui,Mwingi North,Tseikuru,Ngongoni,-0.272533,38.1582923
710,Kitui,Mwingi North,Tseikuru,Ngovovoni,-0.272533,38.1582923
711,Kitui,Mwingi North,Tseikuru,Ngulukuluni,-0.272533,38.1582923
712,Kitui,Mwingi North,Tseikuru,Ngurungu,-0.272533,38.1582923
713,Kitui,Mwingi North,Tseikuru,Nguuni,-0.272533,38.1582923
714,Kitui,Mwingi North,Tseikuru,Nthangathini,-0.272533,38.1582923
715,Kitui,Mwingi North,Tseikuru,Nthiyonthe,-0.272533,38.1582923
716,Kitui,Mwingi North,Tseikuru,Nyamboni,-0.272533,38.1582923
717,Kitui,Mwingi North,Tseikuru,Nziitu,-0.316682,38.2216491
718,Kitui,Mwingi North,Tseikuru,Nzikani,-0.272533,38.1582923
719,Kitui,Mwingi North,Tseikuru,Nzungu,-0.272533,38.1582923
720,Kitui,Mwingi North,Tseikuru,Siveta,-0.272533,38.1582923
721,Kitui,Mwingi North,Tseikuru,Sumoni,-0.272533,38.1582923
722,Kitui,Mwingi North,Tseikuru,Syamatani,-0.937411,38.0605006
723,Kitui,Mwingi North,Tseikuru,Syomavuo B2 North,-0.272533,38.1582923
724,Kitui,Mwingi North,Tseikuru,Syomavuo B2 South,-0.272533,38.1582923
725,Kitui,Mwingi North,Tseikuru,Syukalima,-0.272533,38.1582923
726,Kitui,Mwingi North,Tseikuru,Thaana,-0.272533,38.1582923
727,Kitui,Mwingi North,Tseikuru,Thangatha,-0.272533,38.1582923
728,Kitui,Mwingi North,Tseikuru,Township,-0.272533,38.1582923
729,Kitui,Mwingi North,Tseikuru,Unyoleni,-0.272533,38.1582923
730,Kitui,Mwingi North,Tseikuru,Usi Wiu,-0.937411,38.0605006
731,Kitui,Mwingi North,Tseikuru,Usiiwiu,-0.272533,38.1582923
732,Kitui,Mwingi North,Tseikuru,Utingaa,-0.272533,38.1582923
733,Kitui,Mwingi North,Tseikuru,Utunduma North,-0.272533,38.1582923
734,Kitui,Mwingi North,Tseikuru,Utunduma South,-0.272533,38.1582923
735,Kitui,Mwingi North,Tseikuru,Wikithuki,-0.272533,38.1582923
736,Kitui,Mwingi West,Kiomo/Kyethani,Central A,-0.937411,38.0605006
737,Kitui,Mwingi West,Kiomo/Kyethani,Central B,-0.937411,38.0605006
738,Kitui,Mwingi West,Kiomo/Kyethani,Etawa,-0.937411,38.0605006
739,Kitui,Mwingi West,Kiomo/Kyethani,Iiani,-0.937411,38.0605006
740,Kitui,Mwingi West,Kiomo/Kyethani,Ikime,-0.937411,38.0605006
741,Kitui,Mwingi West,Kiomo/Kyethani,Ikirita,-0.937411,38.0605006
742,Kitui,Mwingi West,Kiomo/Kyethani,Itendeu Centre,-0.937411,38.0605006
743,Kitui,Mwingi West,Kiomo/Kyethani,Ithambwa,-0.937411,38.0605006
744,Kitui,Mwingi West,Kiomo/Kyethani,Itongolani,-0.8656983,37.9715395
745,Kitui,Mwingi West,Kiomo/Kyethani,Itumani,-1.3589388,38.0096388
746,Kitui,Mwingi West,Kiomo/Kyethani,Kaaka,-0.937411,38.0605006
747,Kitui,Mwingi West,Kiomo/Kyethani,Kaayo,-0.937411,38.0605006
748,Kitui,Mwingi West,Kiomo/Kyethani,Kairungu,-0.937411,38.0605006
749,Kitui,Mwingi West,Kiomo/Kyethani,Kaitanga,-46.2858467,169.8460662
750,Kitui,Mwingi West,Kiomo/Kyethani,Kakongo,-0.8247939,37.914238
751,Kitui,Mwingi West,Kiomo/Kyethani,Kakumini,-0.937411,38.0605006
752,Kitui,Mwingi West,Kiomo/Kyethani,Kaliani,-0.8191465,37.9996401
753,Kitui,Mwingi West,Kiomo/Kyethani,Kalikoni,-0.937411,38.0605006
754,Kitui,Mwingi West,Kiomo/Kyethani,Kaliluni A,-0.937411,38.0605006
755,Kitui,Mwingi West,Kiomo/Kyethani,Kaliluni B,-0.937411,38.0605006
756,Kitui,Mwingi West,Kiomo/Kyethani,Kalimamwenze,-0.937411,38.0605006
757,Kitui,Mwingi West,Kiomo/Kyethani,Kamandiko,-0.937411,38.0605006
758,Kitui,Mwingi West,Kiomo/Kyethani,Kambiti,-0.937411,38.0605006
759,Kitui,Mwingi West,Kiomo/Kyethani,Kamunyu,-0.937411,38.0605006
760,Kitui,Mwingi West,Kiomo/Kyethani,Kangethya,-0.937411,38.0605006
761,Kitui,Mwingi West,Kiomo/Kyethani,Kanginga A,-0.9379796,38.0605435
762,Kitui,Mwingi West,Kiomo/Kyethani,Kangwa,-0.937411,38.0605006
763,Kitui,Mwingi West,Kiomo/Kyethani,Kanzou,-0.937411,38.0605006
764,Kitui,Mwingi West,Kiomo/Kyethani,Karura,-0.7728954,37.8951607
765,Kitui,Mwingi West,Kiomo/Kyethani,Kasamango,-0.937411,38.0605006
766,Kitui,Mwingi West,Kiomo/Kyethani,Kasavini,-0.8625138,37.8712231
767,Kitui,Mwingi West,Kiomo/Kyethani,Kasovi,-0.937411,38.0605006
768,Kitui,Mwingi West,Kiomo/Kyethani,Kasusya Ngoo,-0.937411,38.0605006
769,Kitui,Mwingi West,Kiomo/Kyethani,Kasyarani,-0.937411,38.0605006
770,Kitui,Mwingi West,Kiomo/Kyethani,Katanga,-8.8851145,26.419389
771,Kitui,Mwingi West,Kiomo/Kyethani,Katheini,-0.937411,38.0605006
772,Kitui,Mwingi West,Kiomo/Kyethani,Katheka Kai,-1.5372917,37.1901616
773,Kitui,Mwingi West,Kiomo/Kyethani,Kathita,-1.6832822,38.3165725
774,Kitui,Mwingi West,Kiomo/Kyethani,Katingulu,-0.937411,38.0605006
775,Kitui,Mwingi West,Kiomo/Kyethani,Katuka,-0.937411,38.0605006
776,Kitui,Mwingi West,Kiomo/Kyethani,Katumba,-0.937411,38.0605006
777,Kitui,Mwingi West,Kiomo/Kyethani,Kautha,-0.937411,38.0605006
778,Kitui,Mwingi West,Kiomo/Kyethani,Kavauni,-0.937411,38.0605006
779,Kitui,Mwingi West,Kiomo/Kyethani,Kavingu,-0.937411,38.0605006
780,Kitui,Mwingi West,Kiomo/Kyethani,Kavoke,-0.937411,38.0605006
781,Kitui,Mwingi West,Kiomo/Kyethani,Kavuoni,-0.987924,38.0111839
782,Kitui,Mwingi West,Kiomo/Kyethani,Kavuvwani,-0.9775447,38.0314002
783,Kitui,Mwingi West,Kiomo/Kyethani,Kavuvwani B,-0.9775447,38.0314002
784,Kitui,Mwingi West,Kiomo/Kyethani,Kavuvwani Central,-0.9775447,38.0314002
785,Kitui,Mwingi West,Kiomo/Kyethani,Kayuoni,-0.937411,38.0605006
786,Kitui,Mwingi West,Kiomo/Kyethani,Kemwala,-0.937411,38.0605006
787,Kitui,Mwingi West,Kiomo/Kyethani,Kianziani,-0.937411,38.0605006
788,Kitui,Mwingi West,Kiomo/Kyethani,Kiio,-0.937411,38.0605006
789,Kitui,Mwingi West,Kiomo/Kyethani,Kinyambu,-0.937411,38.0605006
790,Kitui,Mwingi West,Kiomo/Kyethani,Kiomo Town,-0.937411,38.0605006
791,Kitui,Mwingi West,Kiomo/Kyethani,Kiromboko,-0.937411,38.0605006
792,Kitui,Mwingi West,Kiomo/Kyethani,Kithumula,-0.937411,38.0605006
793,Kitui,Mwingi West,Kiomo/Kyethani,Kithyiioni,-0.937411,38.0605006
794,Kitui,Mwingi West,Kiomo/Kyethani,Kitulu,-0.937411,38.0605006
795,Kitui,Mwingi West,Kiomo/Kyethani,Kiuwani,-0.937411,38.0605006
796,Kitui,Mwingi West,Kiomo/Kyethani,Kivaani,-0.937411,38.0605006
797,Kitui,Mwingi West,Kiomo/Kyethani,Koliani,-0.937411,38.0605006
798,Kitui,Mwingi West,Kiomo/Kyethani,Kuanga,-0.937411,38.0605006
799,Kitui,Mwingi West,Kiomo/Kyethani,Kwa Kivai,-0.937411,38.0605006
800,Kitui,Mwingi West,Kiomo/Kyethani,Kwa Kari,-0.937411,38.0605006
801,Kitui,Mwingi West,Kiomo/Kyethani,Kwa Malindi,-3.2191864,40.1168906
802,Kitui,Mwingi West,Kiomo/Kyethani,Kwa Mutha,-0.937411,38.0605006
803,Kitui,Mwingi West,Kiomo/Kyethani,Kwa Muthingu,-0.937411,38.0605006
804,Kitui,Mwingi West,Kiomo/Kyethani,Kwa Ngano,-0.937411,38.0605006
805,Kitui,Mwingi West,Kiomo/Kyethani,Kwa Suva,-0.937411,38.0605006
806,Kitui,Mwingi West,Kiomo/Kyethani,Kwabuza,-0.937411,38.0605006
807,Kitui,Mwingi West,Kiomo/Kyethani,Kwambolo,-0.8191465,37.9996401
808,Kitui,Mwingi West,Kiomo/Kyethani,Kwamunyanzu,-0.8666667,37.95
809,Kitui,Mwingi West,Kiomo/Kyethani,Kwethele,-0.937411,38.0605006
810,Kitui,Mwingi West,Kiomo/Kyethani,Kyangwae,-0.937411,38.0605006
811,Kitui,Mwingi West,Kiomo/Kyethani,Kyanzooko,-0.937411,38.0605006
812,Kitui,Mwingi West,Kiomo/Kyethani,Kyemwai,-0.937411,38.0605006
813,Kitui,Mwingi West,Kiomo/Kyethani,Kyeni,-0.4035665,37.5827551
814,Kitui,Mwingi West,Kiomo/Kyethani,Kyethani Centre,-0.937411,38.0605006
815,Kitui,Mwingi West,Kiomo/Kyethani,Kyongweni,-0.937411,38.0605006
816,Kitui,Mwingi West,Kiomo/Kyethani,Kyusyani,-0.937411,38.0605006
817,Kitui,Mwingi West,Kiomo/Kyethani,Lunga,-0.937411,38.0605006
818,Kitui,Mwingi West,Kiomo/Kyethani,Lutuni,-0.9555556,37.9572222
819,Kitui,Mwingi West,Kiomo/Kyethani,Maana Eli,-0.937411,38.0605006
820,Kitui,Mwingi West,Kiomo/Kyethani,Maimbini,-0.937411,38.0605006
821,Kitui,Mwingi West,Kiomo/Kyethani,Makanda,-0.937411,38.0605006
822,Kitui,Mwingi West,Kiomo/Kyethani,Makuka,-0.937411,38.0605006
823,Kitui,Mwingi West,Kiomo/Kyethani,Makutano,-0.937411,38.0605006
824,Kitui,Mwingi West,Kiomo/Kyethani,Makuti,-0.937411,38.0605006
825,Kitui,Mwingi West,Kiomo/Kyethani,Malatani,-1.3935624,38.2110938
826,Kitui,Mwingi West,Kiomo/Kyethani,Malembwa,-0.937411,38.0605006
827,Kitui,Mwingi West,Kiomo/Kyethani,Mandani,-0.937411,38.0605006
828,Kitui,Mwingi West,Kiomo/Kyethani,Mangoloma,-0.937411,38.0605006
829,Kitui,Mwingi West,Kiomo/Kyethani,Mangunguu,-0.937411,38.0605006
830,Kitui,Mwingi West,Kiomo/Kyethani,Manyoleni,-0.937411,38.0605006
831,Kitui,Mwingi West,Kiomo/Kyethani,Masengya,-0.937411,38.0605006
832,Kitui,Mwingi West,Kiomo/Kyethani,Masingani,-0.937411,38.0605006
833,Kitui,Mwingi West,Kiomo/Kyethani,Mathungi,-0.937411,38.0605006
834,Kitui,Mwingi West,Kiomo/Kyethani,Matingani,-0.4659425,37.9643817
835,Kitui,Mwingi West,Kiomo/Kyethani,Matooni,-0.937411,38.0605006
836,Kitui,Mwingi West,Kiomo/Kyethani,Maviangolo,-0.937411,38.0605006
837,Kitui,Mwingi West,Kiomo/Kyethani,Mavoloni,-0.868045,37.9354313
838,Kitui,Mwingi West,Kiomo/Kyethani,Mbangwani,-0.55,38.11
839,Kitui,Mwingi West,Kiomo/Kyethani,Mbasyani,-0.937411,38.0605006
840,Kitui,Mwingi West,Kiomo/Kyethani,Mbondoni,-0.9732829,37.995669
841,Kitui,Mwingi West,Kiomo/Kyethani,Miambani,-1.2727698,38.1265916
842,Kitui,Mwingi West,Kiomo/Kyethani,Mikayoni,-0.937411,38.0605006
843,Kitui,Mwingi West,Kiomo/Kyethani,Misai,-1.6832822,38.3165725
844,Kitui,Mwingi West,Kiomo/Kyethani,Muambani,-1.9172871,37.9466737
845,Kitui,Mwingi West,Kiomo/Kyethani,Mukongolo,-0.937411,38.0605006
846,Kitui,Mwingi West,Kiomo/Kyethani,Mukuthu,-0.9152778,37.9816667
847,Kitui,Mwingi West,Kiomo/Kyethani,Mulata Utunda,-0.937411,38.0605006
848,Kitui,Mwingi West,Kiomo/Kyethani,Muliluni,-0.9371971,38.0336058
849,Kitui,Mwingi West,Kiomo/Kyethani,Musola,-0.937411,38.0605006
850,Kitui,Mwingi West,Kiomo/Kyethani,Musonoke,-0.937411,38.0605006
851,Kitui,Mwingi West,Kiomo/Kyethani,Muthungiu,-0.937411,38.0605006
852,Kitui,Mwingi West,Kiomo/Kyethani,Mutwaundu,-0.937411,38.0605006
853,Kitui,Mwingi West,Kiomo/Kyethani,Mutwava,-0.937411,38.0605006
854,Kitui,Mwingi West,Kiomo/Kyethani,Muuna,-0.937411,38.0605006
855,Kitui,Mwingi West,Kiomo/Kyethani,Mwethani,-0.937411,38.0605006
856,Kitui,Mwingi West,Kiomo/Kyethani,Nduluku,-1.5830439,37.6067207
857,Kitui,Mwingi West,Kiomo/Kyethani,Ndunguni,-1.5621404,37.8618422
858,Kitui,Mwingi West,Kiomo/Kyethani,Nengyani,-0.937411,38.0605006
859,Kitui,Mwingi West,Kiomo/Kyethani,Ngalini,-0.937411,38.0605006
860,Kitui,Mwingi West,Kiomo/Kyethani,Ngemini,-0.937411,38.0605006
861,Kitui,Mwingi West,Kiomo/Kyethani,Nguka Imwe,-0.937411,38.0605006
862,Kitui,Mwingi West,Kiomo/Kyethani,Ngurutome,-0.937411,38.0605006
863,Kitui,Mwingi West,Kiomo/Kyethani,Nguswini,-0.937411,38.0605006
864,Kitui,Mwingi West,Kiomo/Kyethani,Nzaa Kana,-0.937411,38.0605006
865,Kitui,Mwingi West,Kiomo/Kyethani,Nzaiku,-0.937411,38.0605006
866,Kitui,Mwingi West,Kiomo/Kyethani,Nzaumi,-0.937411,38.0605006
867,Kitui,Mwingi West,Kiomo/Kyethani,Nzilani,-0.9005843,37.9853368
868,Kitui,Mwingi West,Kiomo/Kyethani,Nzunguli,-0.937411,38.0605006
869,Kitui,Mwingi West,Kiomo/Kyethani,Soso,-0.937411,38.0605006
870,Kitui,Mwingi West,Kiomo/Kyethani,Syomikuku,-0.8536807,38.0384738
871,Kitui,Mwingi West,Kiomo/Kyethani,Syomiuku,-0.937411,38.0605006
872,Kitui,Mwingi West,Kiomo/Kyethani,Syunguni,-0.937411,38.0605006
873,Kitui,Mwingi West,Kiomo/Kyethani,Timangwa,-0.937411,38.0605006
874,Kitui,Mwingi West,Kiomo/Kyethani,Tivui,-0.937411,38.0605006
875,Kitui,Mwingi West,Kiomo/Kyethani,Tulimani,-0.9639034,38.0210696
876,Kitui,Mwingi West,Kiomo/Kyethani,Twingonyi,-0.937411,38.0605006
877,Kitui,Mwingi West,Kiomo/Kyethani,Tyaa,-0.939577,38.0437198
878,Kitui,Mwingi West,Kiomo/Kyethani,Upper Malatani,-1.3935624,38.2110938
879,Kitui,Mwingi West,Kiomo/Kyethani,Upper Mbasyani,-0.937411,38.0605006
880,Kitui,Mwingi West,Kiomo/Kyethani,Upper Tyaa,-1.6832822,38.3165725
881,Kitui,Mwingi West,Kiomo/Kyethani,Uvaita,-0.937411,38.0605006
882,Kitui,Mwingi West,Kiomo/Kyethani,Wae,-0.937411,38.0605006
883,Kitui,Mwingi West,Kiomo/Kyethani,Waie,-0.937411,38.0605006
884,Kitui,Mwingi West,Kiomo/Kyethani,Wikighae,-0.937411,38.0605006
885,Kitui,Mwingi West,Kiomo/Kyethani,Wikithuki,-0.7771959,37.9515672
886,Kitui,Mwingi West,Kiomo/Kyethani,Wikivuvwa,-0.937411,38.0605006
887,Kitui,Mwingi West,Kiomo/Kyethani,Wikyonze,-0.937411,38.0605006
888,Kitui,Mwingi West,Kiomo/Kyethani,Wimbondo,-0.7816657,37.984928
889,Kitui,Mwingi West,Kiomo/Kyethani,Wimuaa,-0.937411,38.0605006
890,Kitui,Mwingi West,Kiomo/Kyethani,Winzua,-0.937411,38.0605006
891,Kitui,Mwingi West,Kyome/Thaana,Down Town,-0.937411,38.0605006
892,Kitui,Mwingi West,Kyome/Thaana,Ikoma Nzoka,-0.937411,38.0605006
893,Kitui,Mwingi West,Kyome/Thaana,Ilalu,-0.937411,38.0605006
894,Kitui,Mwingi West,Kyome/Thaana,Ithenze,-0.9372915,37.9270195
895,Kitui,Mwingi West,Kyome/Thaana,Ituka,-0.937411,38.0605006
896,Kitui,Mwingi West,Kyome/Thaana,Itumba,-0.937411,38.0605006
897,Kitui,Mwingi West,Kyome/Thaana,Kaitula,-0.937411,38.0605006
898,Kitui,Mwingi West,Kyome/Thaana,Kalimbui,-1.1,37.966667
899,Kitui,Mwingi West,Kyome/Thaana,Kametekeo East,-1.6832822,38.3165725
900,Kitui,Mwingi West,Kyome/Thaana,Kamutekeo North,-0.937411,38.0605006
901,Kitui,Mwingi West,Kyome/Thaana,Kamutekeo West,-0.937411,38.0605006
902,Kitui,Mwingi West,Kyome/Thaana,Kanangya,-0.937411,38.0605006
903,Kitui,Mwingi West,Kyome/Thaana,Kangalu,-0.937411,38.0605006
904,Kitui,Mwingi West,Kyome/Thaana,Kangangini,-0.8962754,37.8162718
905,Kitui,Mwingi West,Kyome/Thaana,Kangii,-1.1568676,37.9837545
906,Kitui,Mwingi West,Kyome/Thaana,Kangoka,-0.937411,38.0605006
907,Kitui,Mwingi West,Kyome/Thaana,Kanyaa,-1.1036994,37.973162
908,Kitui,Mwingi West,Kyome/Thaana,Kanyekini,-1.02,37.99
909,Kitui,Mwingi West,Kyome/Thaana,Kanyekuni,-0.937411,38.0605006
910,Kitui,Mwingi West,Kyome/Thaana,Kanyonyoni,-1.1574601,37.7025012
911,Kitui,Mwingi West,Kyome/Thaana,Kaoka,-0.937411,38.0605006
912,Kitui,Mwingi West,Kyome/Thaana,Kasavini,-0.86,37.87
913,Kitui,Mwingi West,Kyome/Thaana,Kasekini,-0.937411,38.0605006
914,Kitui,Mwingi West,Kyome/Thaana,Kasevi,-0.937411,38.0605006
915,Kitui,Mwingi West,Kyome/Thaana,Kasunguni,-1.5232954,38.2427548
916,Kitui,Mwingi West,Kyome/Thaana,Katangwa,-0.937411,38.0605006
917,Kitui,Mwingi West,Kyome/Thaana,Kathonzooni,-0.937411,38.0605006
918,Kitui,Mwingi West,Kyome/Thaana,Kathui,-0.937411,38.0605006
919,Kitui,Mwingi West,Kyome/Thaana,Kathumbi,-0.937411,38.0605006
920,Kitui,Mwingi West,Kyome/Thaana,Katuli A,-0.937411,38.0605006
921,Kitui,Mwingi West,Kyome/Thaana,Katuli B,-0.937411,38.0605006
922,Kitui,Mwingi West,Kyome/Thaana,Katuluni,-0.937411,38.0605006
923,Kitui,Mwingi West,Kyome/Thaana,Kaumoni,-0.937411,38.0605006
924,Kitui,Mwingi West,Kyome/Thaana,Kaunduani,-0.937411,38.0605006
925,Kitui,Mwingi West,Kyome/Thaana,Kavaini,-0.937411,38.0605006
926,Kitui,Mwingi West,Kyome/Thaana,Kavuvwani,-0.9775447,38.0314002
927,Kitui,Mwingi West,Kyome/Thaana,Kayanga,-0.937411,38.0605006
928,Kitui,Mwingi West,Kyome/Thaana,Kiandeini,-0.937411,38.0605006
929,Kitui,Mwingi West,Kyome/Thaana,Kiatineni,-0.8182417,37.8855945
930,Kitui,Mwingi West,Kyome/Thaana,Kiia Rock,-0.937411,38.0605006
931,Kitui,Mwingi West,Kyome/Thaana,Kiiya,-0.937411,38.0605006
932,Kitui,Mwingi West,Kyome/Thaana,Kikongoni,-0.937411,38.0605006
933,Kitui,Mwingi West,Kyome/Thaana,Kikunguuni West,-0.937411,38.0605006
934,Kitui,Mwingi West,Kyome/Thaana,Kilela,-1.06,37.96
935,Kitui,Mwingi West,Kyome/Thaana,Kingaeni,-0.937411,38.0605006
936,Kitui,Mwingi West,Kyome/Thaana,Kingiani,-0.937411,38.0605006
937,Kitui,Mwingi West,Kyome/Thaana,Kitemi,-0.937411,38.0605006
938,Kitui,Mwingi West,Kyome/Thaana,Kithalani,-0.937411,38.0605006
939,Kitui,Mwingi West,Kyome/Thaana,Kithamba Ngii,-0.937411,38.0605006
940,Kitui,Mwingi West,Kyome/Thaana,Kithambala,-0.937411,38.0605006
941,Kitui,Mwingi West,Kyome/Thaana,Kithambioni,-0.9105556,37.8377778
942,Kitui,Mwingi West,Kyome/Thaana,Kithumulani,-0.937411,38.0605006
943,Kitui,Mwingi West,Kyome/Thaana,Kitulani Centre,-0.937411,38.0605006
944,Kitui,Mwingi West,Kyome/Thaana,Kitulani Lower,-0.937411,38.0605006
945,Kitui,Mwingi West,Kyome/Thaana,Kitulani Upper,-0.937411,38.0605006
946,Kitui,Mwingi West,Kyome/Thaana,Kitumbi,-1.03,37.99
947,Kitui,Mwingi West,Kyome/Thaana,Kwa Ngula,-0.937411,38.0605006
948,Kitui,Mwingi West,Kyome/Thaana,Kwakalungo,-0.937411,38.0605006
949,Kitui,Mwingi West,Kyome/Thaana,Kwamwangi,-0.937411,38.0605006
950,Kitui,Mwingi West,Kyome/Thaana,Kyanda,-0.937411,38.0605006
951,Kitui,Mwingi West,Kyome/Thaana,Kyandani,-0.2422477,38.3692495
952,Kitui,Mwingi West,Kyome/Thaana,Kyangono,-0.937411,38.0605006
953,Kitui,Mwingi West,Kyome/Thaana,Kyangungi,-0.89,37.83
954,Kitui,Mwingi West,Kyome/Thaana,Kyathambu,-0.937411,38.0605006
955,Kitui,Mwingi West,Kyome/Thaana,Kyome,-0.937411,38.0605006
956,Kitui,Mwingi West,Kyome/Thaana,Kyondoni,-1.3095158,37.9943453
957,Kitui,Mwingi West,Kyome/Thaana,Kyunduani,-0.937411,38.0605006
958,Kitui,Mwingi West,Kyome/Thaana,Makwenye,-0.937411,38.0605006
959,Kitui,Mwingi West,Kyome/Thaana,Mamuluki,-0.937411,38.0605006
960,Kitui,Mwingi West,Kyome/Thaana,Masaani,-0.937411,38.0605006
961,Kitui,Mwingi West,Kyome/Thaana,Matauni,-0.937411,38.0605006
962,Kitui,Mwingi West,Kyome/Thaana,Matisaa,-0.937411,38.0605006
963,Kitui,Mwingi West,Kyome/Thaana,Mavalani,-0.937411,38.0605006
964,Kitui,Mwingi West,Kyome/Thaana,Mavouni,-0.937411,38.0605006
965,Kitui,Mwingi West,Kyome/Thaana,Mavui,-0.9378746,37.865424
966,Kitui,Mwingi West,Kyome/Thaana,Mavuu,-0.937411,38.0605006
967,Kitui,Mwingi West,Kyome/Thaana,Mbau,-1.0382262,38.0314002
968,Kitui,Mwingi West,Kyome/Thaana,Mbaunzo,-0.937411,38.0605006
969,Kitui,Mwingi West,Kyome/Thaana,Mbitini,-1.5805398,38.0843008
970,Kitui,Mwingi West,Kyome/Thaana,Mbooni,-0.937411,38.0605006
971,Kitui,Mwingi West,Kyome/Thaana,Mbooni,-0.937411,38.0605006
972,Kitui,Mwingi West,Kyome/Thaana,Miambo,-0.937411,38.0605006
973,Kitui,Mwingi West,Kyome/Thaana,Miambo,-0.937411,38.0605006
974,Kitui,Mwingi West,Kyome/Thaana,Muangeni,-0.92,38.34
975,Kitui,Mwingi West,Kyome/Thaana,Muimi,-0.937411,38.0605006
976,Kitui,Mwingi West,Kyome/Thaana,Mukuuni,-0.391972,37.6519668
977,Kitui,Mwingi West,Kyome/Thaana,Mululuni,-0.937411,38.0605006
978,Kitui,Mwingi West,Kyome/Thaana,Muna,-0.937411,38.0605006
979,Kitui,Mwingi West,Kyome/Thaana,Munyuni,-0.937411,38.0605006
980,Kitui,Mwingi West,Kyome/Thaana,Musuani,-1.0120295,38.0049345
981,Kitui,Mwingi West,Kyome/Thaana,Muthithu,-0.937411,38.0605006
982,Kitui,Mwingi West,Kyome/Thaana,Muthungue,-1.5249754,38.5270305
983,Kitui,Mwingi West,Kyome/Thaana,Muukuni,-1.03,38.03
984,Kitui,Mwingi West,Kyome/Thaana,Muumboni,-1.0150297,37.9256763
985,Kitui,Mwingi West,Kyome/Thaana,Muutini,-0.937411,38.0605006
986,Kitui,Mwingi West,Kyome/Thaana,Mwakini,-1.2683333,37.7583333
987,Kitui,Mwingi West,Kyome/Thaana,Mwangani,-0.937411,38.0605006
988,Kitui,Mwingi West,Kyome/Thaana,Ndaluni,-1.0382262,38.0314002
989,Kitui,Mwingi West,Kyome/Thaana,Ndelekeni,-0.937411,38.0605006
990,Kitui,Mwingi West,Kyome/Thaana,Ndiuni,-0.937411,38.0605006
991,Kitui,Mwingi West,Kyome/Thaana,Ngomeni,-0.6462266,38.4060986
992,Kitui,Mwingi West,Kyome/Thaana,Ngondini,-0.937411,38.0605006
993,Kitui,Mwingi West,Kyome/Thaana,Ngoni,-0.937411,38.0605006
994,Kitui,Mwingi West,Kyome/Thaana,Ngootoni,-0.937411,38.0605006
995,Kitui,Mwingi West,Kyome/Thaana,Nguuni,-1.95,38.366667
996,Kitui,Mwingi West,Kyome/Thaana,Nguuni,-1.95,38.366667
997,Kitui,Mwingi West,Kyome/Thaana,Nzangathini,-1.3740153,38.0354374
998,Kitui,Mwingi West,Kyome/Thaana,Nziuni,-0.937411,38.0605006
999,Kitui,Mwingi West,Kyome/Thaana,Singia,-0.937411,38.0605006
1000,Kitui,Mwingi West,Kyome/Thaana,Syimuu,-0.937411,38.0605006
